STATE,DISTRICT,DISTRICT_NS,CIRCUIT,CHAP_12,QTR_ENDED,DATE,FISCAL_YEAR
,TOTAL,,TOTAL,1096,09/30/96,1996-09-30,1996
DISTRICT OF COLUMBIA,DISTRICT OF COLUMBIA,DC,DC CIRCUIT,0,09/30/96,1996-09-30,1996
,TOTAL,,FIRST CIRCUIT,13,09/30/96,1996-09-30,1996
MAINE,MAINE,ME,FIRST CIRCUIT,5,09/30/96,1996-09-30,1996
MASSACHUSETTS,MASSACHUSETTS,MA,FIRST CIRCUIT,3,09/30/96,1996-09-30,1996
NEW HAMPSHIRE,NEW HAMPSHIRE,NH,FIRST CIRCUIT,1,09/30/96,1996-09-30,1996
RHODE ISLAND,RHODE ISLAND,RI,FIRST CIRCUIT,0,09/30/96,1996-09-30,1996
PUERTO RICO,PUERTO RICO,PR,FIRST CIRCUIT,4,09/30/96,1996-09-30,1996
,TOTAL,,SECOND CIRCUIT,39,09/30/96,1996-09-30,1996
CONNECTICUT,CONNECTICUT,CT,SECOND CIRCUIT,1,09/30/96,1996-09-30,1996
NEW YORK,NEW YORK NORTHERN,NYN,SECOND CIRCUIT,24,09/30/96,1996-09-30,1996
NEW YORK,NEW YORK EASTERN,NYE,SECOND CIRCUIT,0,09/30/96,1996-09-30,1996
NEW YORK,NEW YORK SOUTHERN,NYS,SECOND CIRCUIT,4,09/30/96,1996-09-30,1996
NEW YORK,NEW YORK WESTERN,NYW,SECOND CIRCUIT,3,09/30/96,1996-09-30,1996
VERMONT,VERMONT,VT,SECOND CIRCUIT,7,09/30/96,1996-09-30,1996
,TOTAL,,THIRD CIRCUIT,20,09/30/96,1996-09-30,1996
DELAWARE,DELAWARE,DE,THIRD CIRCUIT,3,09/30/96,1996-09-30,1996
NEW JERSEY,NEW JERSEY,NJ,THIRD CIRCUIT,3,09/30/96,1996-09-30,1996
PENNSYLVANIA,PENNSYLVANIA EASTERN,PAE,THIRD CIRCUIT,5,09/30/96,1996-09-30,1996
PENNSYLVANIA,PENNSYLVANIA MIDDLE,PAM,THIRD CIRCUIT,2,09/30/96,1996-09-30,1996
PENNSYLVANIA,PENNSYLVANIA WESTERN,PAW,THIRD CIRCUIT,7,09/30/96,1996-09-30,1996
VIRGIN ISLANDS,VIRGIN ISLANDS,VI,THIRD CIRCUIT,0,09/30/96,1996-09-30,1996
,TOTAL,,FOURTH CIRCUIT,44,09/30/96,1996-09-30,1996
MARYLAND,MARYLAND,MD,FOURTH CIRCUIT,0,09/30/96,1996-09-30,1996
NORTH CAROLINA,NORTH CAROLINA EASTERN,NCE,FOURTH CIRCUIT,12,09/30/96,1996-09-30,1996
NORTH CAROLINA,NORTH CAROLINA MIDDLE,NCM,FOURTH CIRCUIT,3,09/30/96,1996-09-30,1996
NORTH CAROLINA,NORTH CAROLINA WESTERN,NCW,FOURTH CIRCUIT,3,09/30/96,1996-09-30,1996
SOUTH CAROLINA,SOUTH CAROLINA,SC,FOURTH CIRCUIT,6,09/30/96,1996-09-30,1996
VIRGINIA,VIRGINIA EASTERN,VAE,FOURTH CIRCUIT,8,09/30/96,1996-09-30,1996
VIRGINIA,VIRGINIA WESTERN,VAW,FOURTH CIRCUIT,11,09/30/96,1996-09-30,1996
WEST VIRGINIA,WEST VIRGINIA NORTHERN,WVN,FOURTH CIRCUIT,1,09/30/96,1996-09-30,1996
WEST VIRGINIA,WEST VIRGINIA SOUTHERN,WVS,FOURTH CIRCUIT,0,09/30/96,1996-09-30,1996
,TOTAL,,FIFTH CIRCUIT,209,09/30/96,1996-09-30,1996
LOUISIANA,LOUISIANA EASTERN,LAE,FIFTH CIRCUIT,4,09/30/96,1996-09-30,1996
LOUISIANA,LOUISIANA MIDDLE,LAM,FIFTH CIRCUIT,2,09/30/96,1996-09-30,1996
LOUISIANA,LOUISIANA WESTERN,LAW,FIFTH CIRCUIT,50,09/30/96,1996-09-30,1996
MISSISSIPPI,MISSISSIPPI NORTHERN,MSN,FIFTH CIRCUIT,16,09/30/96,1996-09-30,1996
MISSISSIPPI,MISSISSIPPI SOUTHERN,MSS,FIFTH CIRCUIT,4,09/30/96,1996-09-30,1996
TEXAS,TEXAS NORTHERN,TXN,FIFTH CIRCUIT,56,09/30/96,1996-09-30,1996
TEXAS,TEXAS EASTERN,TXE,FIFTH CIRCUIT,41,09/30/96,1996-09-30,1996
TEXAS,TEXAS SOUTHERN,TXS,FIFTH CIRCUIT,17,09/30/96,1996-09-30,1996
TEXAS,TEXAS WESTERN,TXW,FIFTH CIRCUIT,19,09/30/96,1996-09-30,1996
,TOTAL,,SIXTH CIRCUIT,87,09/30/96,1996-09-30,1996
KENTUCKY,KENTUCKY EASTERN,KYE,SIXTH CIRCUIT,7,09/30/96,1996-09-30,1996
KENTUCKY,KENTUCKY WESTERN,KYW,SIXTH CIRCUIT,7,09/30/96,1996-09-30,1996
MICHIGAN,MICHIGAN EASTERN,MIE,SIXTH CIRCUIT,13,09/30/96,1996-09-30,1996
MICHIGAN,MICHIGAN WESTERN,MIW,SIXTH CIRCUIT,8,09/30/96,1996-09-30,1996
OHIO,OHIO NORTHERN,OHN,SIXTH CIRCUIT,16,09/30/96,1996-09-30,1996
OHIO,OHIO SOUTHERN,OHS,SIXTH CIRCUIT,17,09/30/96,1996-09-30,1996
TENNESSEE,TENNESSEE EASTERN,TNE,SIXTH CIRCUIT,9,09/30/96,1996-09-30,1996
TENNESSEE,TENNESSEE MIDDLE,TNM,SIXTH CIRCUIT,7,09/30/96,1996-09-30,1996
TENNESSEE,TENNESSEE WESTERN,TNW,SIXTH CIRCUIT,3,09/30/96,1996-09-30,1996
,TOTAL,,SEVENTH CIRCUIT,88,09/30/96,1996-09-30,1996
ILLINOIS,ILLINOIS NORTHERN,ILN,SEVENTH CIRCUIT,0,09/30/96,1996-09-30,1996
ILLINOIS,ILLINOIS CENTRAL,ILC,SEVENTH CIRCUIT,18,09/30/96,1996-09-30,1996
ILLINOIS,ILLINOIS SOUTHERN,ILS,SEVENTH CIRCUIT,10,09/30/96,1996-09-30,1996
INDIANA,INDIANA NORTHERN,INN,SEVENTH CIRCUIT,3,09/30/96,1996-09-30,1996
INDIANA,INDIANA SOUTHERN,INS,SEVENTH CIRCUIT,15,09/30/96,1996-09-30,1996
WISCONSIN,WISCONSIN EASTERN,WIE,SEVENTH CIRCUIT,11,09/30/96,1996-09-30,1996
WISCONSIN,WISCONSIN WESTERN,WIW,SEVENTH CIRCUIT,31,09/30/96,1996-09-30,1996
,TOTAL,,EIGHTH CIRCUIT,242,09/30/96,1996-09-30,1996
ARKANSAS,ARKANSAS EASTERN,ARE,EIGHTH CIRCUIT,8,09/30/96,1996-09-30,1996
ARKANSAS,ARKANSAS WESTERN,ARW,EIGHTH CIRCUIT,11,09/30/96,1996-09-30,1996
IOWA,IOWA NORTHERN,IAN,EIGHTH CIRCUIT,13,09/30/96,1996-09-30,1996
IOWA,IOWA SOUTHERN,IAS,EIGHTH CIRCUIT,2,09/30/96,1996-09-30,1996
MINNESOTA,MINNESOTA,MN,EIGHTH CIRCUIT,31,09/30/96,1996-09-30,1996
MISSOURI,MISSOURI EASTERN,MOE,EIGHTH CIRCUIT,4,09/30/96,1996-09-30,1996
MISSOURI,MISSOURI WESTERN,MOW,EIGHTH CIRCUIT,26,09/30/96,1996-09-30,1996
NEBRASKA,NEBRASKA,NE,EIGHTH CIRCUIT,70,09/30/96,1996-09-30,1996
NORTH DAKOTA,NORTH DAKOTA,ND,EIGHTH CIRCUIT,38,09/30/96,1996-09-30,1996
SOUTH DAKOTA,SOUTH DAKOTA,SD,EIGHTH CIRCUIT,39,09/30/96,1996-09-30,1996
,TOTAL,,NINTH CIRCUIT,149,09/30/96,1996-09-30,1996
ALASKA,ALASKA,AK,NINTH CIRCUIT,0,09/30/96,1996-09-30,1996
ARIZONA,ARIZONA,AZ,NINTH CIRCUIT,1,09/30/96,1996-09-30,1996
CALIFORNIA,CALIFORNIA NORTHERN,CAN,NINTH CIRCUIT,11,09/30/96,1996-09-30,1996
CALIFORNIA,CALIFORNIA EASTERN,CAE,NINTH CIRCUIT,48,09/30/96,1996-09-30,1996
CALIFORNIA,CALIFORNIA CENTRAL,CAC,NINTH CIRCUIT,9,09/30/96,1996-09-30,1996
CALIFORNIA,CALIFORNIA SOUTHERN,CAS,NINTH CIRCUIT,2,09/30/96,1996-09-30,1996
HAWAII,HAWAII,HI,NINTH CIRCUIT,0,09/30/96,1996-09-30,1996
IDAHO,IDAHO,ID,NINTH CIRCUIT,25,09/30/96,1996-09-30,1996
MONTANA,MONTANA,MT,NINTH CIRCUIT,18,09/30/96,1996-09-30,1996
NEVADA,NEVADA,NV,NINTH CIRCUIT,5,09/30/96,1996-09-30,1996
OREGON,OREGON,OR,NINTH CIRCUIT,11,09/30/96,1996-09-30,1996
WASHINGTON,WASHINGTON EASTERN,WAE,NINTH CIRCUIT,16,09/30/96,1996-09-30,1996
WASHINGTON,WASHINGTON WESTERN,WAW,NINTH CIRCUIT,3,09/30/96,1996-09-30,1996
GUAM,GUAM,GUAM,NINTH CIRCUIT,0,09/30/96,1996-09-30,1996
NORTHERN MARIANA ISLANDS,NORTHERN MARIANAS,NMI,NINTH CIRCUIT,0,09/30/96,1996-09-30,1996
,TOTAL,,TENTH CIRCUIT,117,09/30/96,1996-09-30,1996
COLORADO,COLORADO,CO,TENTH CIRCUIT,19,09/30/96,1996-09-30,1996
KANSAS,KANSAS,KS,TENTH CIRCUIT,36,09/30/96,1996-09-30,1996
NEW MEXICO,NEW MEXICO,NM,TENTH CIRCUIT,8,09/30/96,1996-09-30,1996
OKLAHOMA,OKLAHOMA NORTHERN,OKN,TENTH CIRCUIT,1,09/30/96,1996-09-30,1996
OKLAHOMA,OKLAHOMA EASTERN,OKE,TENTH CIRCUIT,10,09/30/96,1996-09-30,1996
OKLAHOMA,OKLAHOMA WESTERN,OKW,TENTH CIRCUIT,39,09/30/96,1996-09-30,1996
UTAH,UTAH,UT,TENTH CIRCUIT,2,09/30/96,1996-09-30,1996
WYOMING,WYOMING,WY,TENTH CIRCUIT,2,09/30/96,1996-09-30,1996
,TOTAL,,ELEVENTH CIRCUIT,88,09/30/96,1996-09-30,1996
ALABAMA,ALABAMA NORTHERN,ALN,ELEVENTH CIRCUIT,3,09/30/96,1996-09-30,1996
ALABAMA,ALABAMA MIDDLE,ALM,ELEVENTH CIRCUIT,2,09/30/96,1996-09-30,1996
ALABAMA,ALABAMA SOUTHERN,ALS,ELEVENTH CIRCUIT,4,09/30/96,1996-09-30,1996
FLORIDA,FLORIDA NORTHERN,FLN,ELEVENTH CIRCUIT,4,09/30/96,1996-09-30,1996
FLORIDA,FLORIDA MIDDLE,FLM,ELEVENTH CIRCUIT,22,09/30/96,1996-09-30,1996
FLORIDA,FLORIDA SOUTHERN,FLS,ELEVENTH CIRCUIT,3,09/30/96,1996-09-30,1996
GEORGIA,GEORGIA NORTHERN,GAN,ELEVENTH CIRCUIT,2,09/30/96,1996-09-30,1996
GEORGIA,GEORGIA MIDDLE,GAM,ELEVENTH CIRCUIT,37,09/30/96,1996-09-30,1996
GEORGIA,GEORGIA SOUTHERN,GAS,ELEVENTH CIRCUIT,11,09/30/96,1996-09-30,1996
,TOTAL,,TOTAL,883,09/30/95,1995-09-30,1995
DISTRICT OF COLUMBIA,DISTRICT OF COLUMBIA,DC,DC CIRCUIT,0,09/30/95,1995-09-30,1995
,TOTAL,,FIRST CIRCUIT,4,09/30/95,1995-09-30,1995
MAINE,MAINE,ME,FIRST CIRCUIT,0,09/30/95,1995-09-30,1995
MASSACHUSETTS,MASSACHUSETTS,MA,FIRST CIRCUIT,3,09/30/95,1995-09-30,1995
NEW HAMPSHIRE,NEW HAMPSHIRE,NH,FIRST CIRCUIT,1,09/30/95,1995-09-30,1995
RHODE ISLAND,RHODE ISLAND,RI,FIRST CIRCUIT,0,09/30/95,1995-09-30,1995
PUERTO RICO,PUERTO RICO,PR,FIRST CIRCUIT,0,09/30/95,1995-09-30,1995
,TOTAL,,SECOND CIRCUIT,42,09/30/95,1995-09-30,1995
CONNECTICUT,CONNECTICUT,CT,SECOND CIRCUIT,4,09/30/95,1995-09-30,1995
NEW YORK,NEW YORK NORTHERN,NYN,SECOND CIRCUIT,24,09/30/95,1995-09-30,1995
NEW YORK,NEW YORK EASTERN,NYE,SECOND CIRCUIT,1,09/30/95,1995-09-30,1995
NEW YORK,NEW YORK SOUTHERN,NYS,SECOND CIRCUIT,2,09/30/95,1995-09-30,1995
NEW YORK,NEW YORK WESTERN,NYW,SECOND CIRCUIT,7,09/30/95,1995-09-30,1995
VERMONT,VERMONT,VT,SECOND CIRCUIT,4,09/30/95,1995-09-30,1995
,TOTAL,,THIRD CIRCUIT,33,09/30/95,1995-09-30,1995
DELAWARE,DELAWARE,DE,THIRD CIRCUIT,0,09/30/95,1995-09-30,1995
NEW JERSEY,NEW JERSEY,NJ,THIRD CIRCUIT,5,09/30/95,1995-09-30,1995
PENNSYLVANIA,PENNSYLVANIA EASTERN,PAE,THIRD CIRCUIT,4,09/30/95,1995-09-30,1995
PENNSYLVANIA,PENNSYLVANIA MIDDLE,PAM,THIRD CIRCUIT,12,09/30/95,1995-09-30,1995
PENNSYLVANIA,PENNSYLVANIA WESTERN,PAW,THIRD CIRCUIT,12,09/30/95,1995-09-30,1995
VIRGIN ISLANDS,VIRGIN ISLANDS,VI,THIRD CIRCUIT,0,09/30/95,1995-09-30,1995
,TOTAL,,FOURTH CIRCUIT,37,09/30/95,1995-09-30,1995
MARYLAND,MARYLAND,MD,FOURTH CIRCUIT,5,09/30/95,1995-09-30,1995
NORTH CAROLINA,NORTH CAROLINA EASTERN,NCE,FOURTH CIRCUIT,10,09/30/95,1995-09-30,1995
NORTH CAROLINA,NORTH CAROLINA MIDDLE,NCM,FOURTH CIRCUIT,1,09/30/95,1995-09-30,1995
NORTH CAROLINA,NORTH CAROLINA WESTERN,NCW,FOURTH CIRCUIT,1,09/30/95,1995-09-30,1995
SOUTH CAROLINA,SOUTH CAROLINA,SC,FOURTH CIRCUIT,6,09/30/95,1995-09-30,1995
VIRGINIA,VIRGINIA EASTERN,VAE,FOURTH CIRCUIT,7,09/30/95,1995-09-30,1995
VIRGINIA,VIRGINIA WESTERN,VAW,FOURTH CIRCUIT,5,09/30/95,1995-09-30,1995
WEST VIRGINIA,WEST VIRGINIA NORTHERN,WVN,FOURTH CIRCUIT,1,09/30/95,1995-09-30,1995
WEST VIRGINIA,WEST VIRGINIA SOUTHERN,WVS,FOURTH CIRCUIT,1,09/30/95,1995-09-30,1995
,TOTAL,,FIFTH CIRCUIT,97,09/30/95,1995-09-30,1995
LOUISIANA,LOUISIANA EASTERN,LAE,FIFTH CIRCUIT,1,09/30/95,1995-09-30,1995
LOUISIANA,LOUISIANA MIDDLE,LAM,FIFTH CIRCUIT,0,09/30/95,1995-09-30,1995
LOUISIANA,LOUISIANA WESTERN,LAW,FIFTH CIRCUIT,27,09/30/95,1995-09-30,1995
MISSISSIPPI,MISSISSIPPI NORTHERN,MSN,FIFTH CIRCUIT,5,09/30/95,1995-09-30,1995
MISSISSIPPI,MISSISSIPPI SOUTHERN,MSS,FIFTH CIRCUIT,2,09/30/95,1995-09-30,1995
TEXAS,TEXAS NORTHERN,TXN,FIFTH CIRCUIT,27,09/30/95,1995-09-30,1995
TEXAS,TEXAS EASTERN,TXE,FIFTH CIRCUIT,19,09/30/95,1995-09-30,1995
TEXAS,TEXAS SOUTHERN,TXS,FIFTH CIRCUIT,8,09/30/95,1995-09-30,1995
TEXAS,TEXAS WESTERN,TXW,FIFTH CIRCUIT,8,09/30/95,1995-09-30,1995
,TOTAL,,SIXTH CIRCUIT,89,09/30/95,1995-09-30,1995
KENTUCKY,KENTUCKY EASTERN,KYE,SIXTH CIRCUIT,7,09/30/95,1995-09-30,1995
KENTUCKY,KENTUCKY WESTERN,KYW,SIXTH CIRCUIT,10,09/30/95,1995-09-30,1995
MICHIGAN,MICHIGAN EASTERN,MIE,SIXTH CIRCUIT,17,09/30/95,1995-09-30,1995
MICHIGAN,MICHIGAN WESTERN,MIW,SIXTH CIRCUIT,22,09/30/95,1995-09-30,1995
OHIO,OHIO NORTHERN,OHN,SIXTH CIRCUIT,9,09/30/95,1995-09-30,1995
OHIO,OHIO SOUTHERN,OHS,SIXTH CIRCUIT,10,09/30/95,1995-09-30,1995
TENNESSEE,TENNESSEE EASTERN,TNE,SIXTH CIRCUIT,7,09/30/95,1995-09-30,1995
TENNESSEE,TENNESSEE MIDDLE,TNM,SIXTH CIRCUIT,5,09/30/95,1995-09-30,1995
TENNESSEE,TENNESSEE WESTERN,TNW,SIXTH CIRCUIT,2,09/30/95,1995-09-30,1995
,TOTAL,,SEVENTH CIRCUIT,102,09/30/95,1995-09-30,1995
ILLINOIS,ILLINOIS NORTHERN,ILN,SEVENTH CIRCUIT,1,09/30/95,1995-09-30,1995
ILLINOIS,ILLINOIS CENTRAL,ILC,SEVENTH CIRCUIT,27,09/30/95,1995-09-30,1995
ILLINOIS,ILLINOIS SOUTHERN,ILS,SEVENTH CIRCUIT,8,09/30/95,1995-09-30,1995
INDIANA,INDIANA NORTHERN,INN,SEVENTH CIRCUIT,7,09/30/95,1995-09-30,1995
INDIANA,INDIANA SOUTHERN,INS,SEVENTH CIRCUIT,13,09/30/95,1995-09-30,1995
WISCONSIN,WISCONSIN EASTERN,WIE,SEVENTH CIRCUIT,6,09/30/95,1995-09-30,1995
WISCONSIN,WISCONSIN WESTERN,WIW,SEVENTH CIRCUIT,40,09/30/95,1995-09-30,1995
,TOTAL,,EIGHTH CIRCUIT,195,09/30/95,1995-09-30,1995
ARKANSAS,ARKANSAS EASTERN,ARE,EIGHTH CIRCUIT,10,09/30/95,1995-09-30,1995
ARKANSAS,ARKANSAS WESTERN,ARW,EIGHTH CIRCUIT,14,09/30/95,1995-09-30,1995
IOWA,IOWA NORTHERN,IAN,EIGHTH CIRCUIT,9,09/30/95,1995-09-30,1995
IOWA,IOWA SOUTHERN,IAS,EIGHTH CIRCUIT,5,09/30/95,1995-09-30,1995
MINNESOTA,MINNESOTA,MN,EIGHTH CIRCUIT,22,09/30/95,1995-09-30,1995
MISSOURI,MISSOURI EASTERN,MOE,EIGHTH CIRCUIT,3,09/30/95,1995-09-30,1995
MISSOURI,MISSOURI WESTERN,MOW,EIGHTH CIRCUIT,25,09/30/95,1995-09-30,1995
NEBRASKA,NEBRASKA,NE,EIGHTH CIRCUIT,53,09/30/95,1995-09-30,1995
NORTH DAKOTA,NORTH DAKOTA,ND,EIGHTH CIRCUIT,20,09/30/95,1995-09-30,1995
SOUTH DAKOTA,SOUTH DAKOTA,SD,EIGHTH CIRCUIT,35,09/30/95,1995-09-30,1995
,TOTAL,,NINTH CIRCUIT,137,09/30/95,1995-09-30,1995
ALASKA,ALASKA,AK,NINTH CIRCUIT,0,09/30/95,1995-09-30,1995
ARIZONA,ARIZONA,AZ,NINTH CIRCUIT,4,09/30/95,1995-09-30,1995
CALIFORNIA,CALIFORNIA NORTHERN,CAN,NINTH CIRCUIT,10,09/30/95,1995-09-30,1995
CALIFORNIA,CALIFORNIA EASTERN,CAE,NINTH CIRCUIT,32,09/30/95,1995-09-30,1995
CALIFORNIA,CALIFORNIA CENTRAL,CAC,NINTH CIRCUIT,8,09/30/95,1995-09-30,1995
CALIFORNIA,CALIFORNIA SOUTHERN,CAS,NINTH CIRCUIT,3,09/30/95,1995-09-30,1995
HAWAII,HAWAII,HI,NINTH CIRCUIT,1,09/30/95,1995-09-30,1995
IDAHO,IDAHO,ID,NINTH CIRCUIT,26,09/30/95,1995-09-30,1995
MONTANA,MONTANA,MT,NINTH CIRCUIT,24,09/30/95,1995-09-30,1995
NEVADA,NEVADA,NV,NINTH CIRCUIT,1,09/30/95,1995-09-30,1995
OREGON,OREGON,OR,NINTH CIRCUIT,5,09/30/95,1995-09-30,1995
WASHINGTON,WASHINGTON EASTERN,WAE,NINTH CIRCUIT,20,09/30/95,1995-09-30,1995
WASHINGTON,WASHINGTON WESTERN,WAW,NINTH CIRCUIT,3,09/30/95,1995-09-30,1995
GUAM,GUAM,GUAM,NINTH CIRCUIT,0,09/30/95,1995-09-30,1995
NORTHERN MARIANA ISLANDS,NORTHERN MARIANAS,NMI,NINTH CIRCUIT,0,09/30/95,1995-09-30,1995
,TOTAL,,TENTH CIRCUIT,80,09/30/95,1995-09-30,1995
COLORADO,COLORADO,CO,TENTH CIRCUIT,14,09/30/95,1995-09-30,1995
KANSAS,KANSAS,KS,TENTH CIRCUIT,28,09/30/95,1995-09-30,1995
NEW MEXICO,NEW MEXICO,NM,TENTH CIRCUIT,1,09/30/95,1995-09-30,1995
OKLAHOMA,OKLAHOMA NORTHERN,OKN,TENTH CIRCUIT,2,09/30/95,1995-09-30,1995
OKLAHOMA,OKLAHOMA EASTERN,OKE,TENTH CIRCUIT,8,09/30/95,1995-09-30,1995
OKLAHOMA,OKLAHOMA WESTERN,OKW,TENTH CIRCUIT,21,09/30/95,1995-09-30,1995
UTAH,UTAH,UT,TENTH CIRCUIT,1,09/30/95,1995-09-30,1995
WYOMING,WYOMING,WY,TENTH CIRCUIT,5,09/30/95,1995-09-30,1995
,TOTAL,,ELEVENTH CIRCUIT,67,09/30/95,1995-09-30,1995
ALABAMA,ALABAMA NORTHERN,ALN,ELEVENTH CIRCUIT,7,09/30/95,1995-09-30,1995
ALABAMA,ALABAMA MIDDLE,ALM,ELEVENTH CIRCUIT,3,09/30/95,1995-09-30,1995
ALABAMA,ALABAMA SOUTHERN,ALS,ELEVENTH CIRCUIT,0,09/30/95,1995-09-30,1995
FLORIDA,FLORIDA NORTHERN,FLN,ELEVENTH CIRCUIT,3,09/30/95,1995-09-30,1995
FLORIDA,FLORIDA MIDDLE,FLM,ELEVENTH CIRCUIT,10,09/30/95,1995-09-30,1995
FLORIDA,FLORIDA SOUTHERN,FLS,ELEVENTH CIRCUIT,2,09/30/95,1995-09-30,1995
GEORGIA,GEORGIA NORTHERN,GAN,ELEVENTH CIRCUIT,2,09/30/95,1995-09-30,1995
GEORGIA,GEORGIA MIDDLE,GAM,ELEVENTH CIRCUIT,31,09/30/95,1995-09-30,1995
GEORGIA,GEORGIA SOUTHERN,GAS,ELEVENTH CIRCUIT,9,09/30/95,1995-09-30,1995
,TOTAL,,TOTAL,931,09/30/94,1994-09-30,1994
DISTRICT OF COLUMBIA,DISTRICT OF COLUMBIA,DC,DC CIRCUIT,0,09/30/94,1994-09-30,1994
,TOTAL,,FIRST CIRCUIT,17,09/30/94,1994-09-30,1994
MAINE,MAINE,ME,FIRST CIRCUIT,1,09/30/94,1994-09-30,1994
MASSACHUSETTS,MASSACHUSETTS,MA,FIRST CIRCUIT,4,09/30/94,1994-09-30,1994
NEW HAMPSHIRE,NEW HAMPSHIRE,NH,FIRST CIRCUIT,1,09/30/94,1994-09-30,1994
RHODE ISLAND,RHODE ISLAND,RI,FIRST CIRCUIT,0,09/30/94,1994-09-30,1994
PUERTO RICO,PUERTO RICO,PR,FIRST CIRCUIT,11,09/30/94,1994-09-30,1994
,TOTAL,,SECOND CIRCUIT,39,09/30/94,1994-09-30,1994
CONNECTICUT,CONNECTICUT,CT,SECOND CIRCUIT,6,09/30/94,1994-09-30,1994
NEW YORK,NEW YORK NORTHERN,NYN,SECOND CIRCUIT,20,09/30/94,1994-09-30,1994
NEW YORK,NEW YORK EASTERN,NYE,SECOND CIRCUIT,2,09/30/94,1994-09-30,1994
NEW YORK,NEW YORK SOUTHERN,NYS,SECOND CIRCUIT,0,09/30/94,1994-09-30,1994
NEW YORK,NEW YORK WESTERN,NYW,SECOND CIRCUIT,3,09/30/94,1994-09-30,1994
VERMONT,VERMONT,VT,SECOND CIRCUIT,8,09/30/94,1994-09-30,1994
,TOTAL,,THIRD CIRCUIT,13,09/30/94,1994-09-30,1994
DELAWARE,DELAWARE,DE,THIRD CIRCUIT,0,09/30/94,1994-09-30,1994
NEW JERSEY,NEW JERSEY,NJ,THIRD CIRCUIT,1,09/30/94,1994-09-30,1994
PENNSYLVANIA,PENNSYLVANIA EASTERN,PAE,THIRD CIRCUIT,2,09/30/94,1994-09-30,1994
PENNSYLVANIA,PENNSYLVANIA MIDDLE,PAM,THIRD CIRCUIT,4,09/30/94,1994-09-30,1994
PENNSYLVANIA,PENNSYLVANIA WESTERN,PAW,THIRD CIRCUIT,6,09/30/94,1994-09-30,1994
VIRGIN ISLANDS,VIRGIN ISLANDS,VI,THIRD CIRCUIT,0,09/30/94,1994-09-30,1994
,TOTAL,,FOURTH CIRCUIT,39,09/30/94,1994-09-30,1994
MARYLAND,MARYLAND,MD,FOURTH CIRCUIT,3,09/30/94,1994-09-30,1994
NORTH CAROLINA,NORTH CAROLINA EASTERN,NCE,FOURTH CIRCUIT,16,09/30/94,1994-09-30,1994
NORTH CAROLINA,NORTH CAROLINA MIDDLE,NCM,FOURTH CIRCUIT,0,09/30/94,1994-09-30,1994
NORTH CAROLINA,NORTH CAROLINA WESTERN,NCW,FOURTH CIRCUIT,1,09/30/94,1994-09-30,1994
SOUTH CAROLINA,SOUTH CAROLINA,SC,FOURTH CIRCUIT,6,09/30/94,1994-09-30,1994
VIRGINIA,VIRGINIA EASTERN,VAE,FOURTH CIRCUIT,8,09/30/94,1994-09-30,1994
VIRGINIA,VIRGINIA WESTERN,VAW,FOURTH CIRCUIT,2,09/30/94,1994-09-30,1994
WEST VIRGINIA,WEST VIRGINIA NORTHERN,WVN,FOURTH CIRCUIT,3,09/30/94,1994-09-30,1994
WEST VIRGINIA,WEST VIRGINIA SOUTHERN,WVS,FOURTH CIRCUIT,0,09/30/94,1994-09-30,1994
,TOTAL,,FIFTH CIRCUIT,123,09/30/94,1994-09-30,1994
LOUISIANA,LOUISIANA EASTERN,LAE,FIFTH CIRCUIT,0,09/30/94,1994-09-30,1994
LOUISIANA,LOUISIANA MIDDLE,LAM,FIFTH CIRCUIT,3,09/30/94,1994-09-30,1994
LOUISIANA,LOUISIANA WESTERN,LAW,FIFTH CIRCUIT,46,09/30/94,1994-09-30,1994
MISSISSIPPI,MISSISSIPPI NORTHERN,MSN,FIFTH CIRCUIT,9,09/30/94,1994-09-30,1994
MISSISSIPPI,MISSISSIPPI SOUTHERN,MSS,FIFTH CIRCUIT,3,09/30/94,1994-09-30,1994
TEXAS,TEXAS NORTHERN,TXN,FIFTH CIRCUIT,35,09/30/94,1994-09-30,1994
TEXAS,TEXAS EASTERN,TXE,FIFTH CIRCUIT,11,09/30/94,1994-09-30,1994
TEXAS,TEXAS SOUTHERN,TXS,FIFTH CIRCUIT,7,09/30/94,1994-09-30,1994
TEXAS,TEXAS WESTERN,TXW,FIFTH CIRCUIT,9,09/30/94,1994-09-30,1994
,TOTAL,,SIXTH CIRCUIT,96,09/30/94,1994-09-30,1994
KENTUCKY,KENTUCKY EASTERN,KYE,SIXTH CIRCUIT,2,09/30/94,1994-09-30,1994
KENTUCKY,KENTUCKY WESTERN,KYW,SIXTH CIRCUIT,10,09/30/94,1994-09-30,1994
MICHIGAN,MICHIGAN EASTERN,MIE,SIXTH CIRCUIT,14,09/30/94,1994-09-30,1994
MICHIGAN,MICHIGAN WESTERN,MIW,SIXTH CIRCUIT,20,09/30/94,1994-09-30,1994
OHIO,OHIO NORTHERN,OHN,SIXTH CIRCUIT,13,09/30/94,1994-09-30,1994
OHIO,OHIO SOUTHERN,OHS,SIXTH CIRCUIT,15,09/30/94,1994-09-30,1994
TENNESSEE,TENNESSEE EASTERN,TNE,SIXTH CIRCUIT,13,09/30/94,1994-09-30,1994
TENNESSEE,TENNESSEE MIDDLE,TNM,SIXTH CIRCUIT,6,09/30/94,1994-09-30,1994
TENNESSEE,TENNESSEE WESTERN,TNW,SIXTH CIRCUIT,3,09/30/94,1994-09-30,1994
,TOTAL,,SEVENTH CIRCUIT,111,09/30/94,1994-09-30,1994
ILLINOIS,ILLINOIS NORTHERN,ILN,SEVENTH CIRCUIT,6,09/30/94,1994-09-30,1994
ILLINOIS,ILLINOIS CENTRAL,ILC,SEVENTH CIRCUIT,19,09/30/94,1994-09-30,1994
ILLINOIS,ILLINOIS SOUTHERN,ILS,SEVENTH CIRCUIT,10,09/30/94,1994-09-30,1994
INDIANA,INDIANA NORTHERN,INN,SEVENTH CIRCUIT,11,09/30/94,1994-09-30,1994
INDIANA,INDIANA SOUTHERN,INS,SEVENTH CIRCUIT,22,09/30/94,1994-09-30,1994
WISCONSIN,WISCONSIN EASTERN,WIE,SEVENTH CIRCUIT,7,09/30/94,1994-09-30,1994
WISCONSIN,WISCONSIN WESTERN,WIW,SEVENTH CIRCUIT,36,09/30/94,1994-09-30,1994
,TOTAL,,EIGHTH CIRCUIT,190,09/30/94,1994-09-30,1994
ARKANSAS,ARKANSAS EASTERN,ARE,EIGHTH CIRCUIT,11,09/30/94,1994-09-30,1994
ARKANSAS,ARKANSAS WESTERN,ARW,EIGHTH CIRCUIT,13,09/30/94,1994-09-30,1994
IOWA,IOWA NORTHERN,IAN,EIGHTH CIRCUIT,9,09/30/94,1994-09-30,1994
IOWA,IOWA SOUTHERN,IAS,EIGHTH CIRCUIT,2,09/30/94,1994-09-30,1994
MINNESOTA,MINNESOTA,MN,EIGHTH CIRCUIT,25,09/30/94,1994-09-30,1994
MISSOURI,MISSOURI EASTERN,MOE,EIGHTH CIRCUIT,9,09/30/94,1994-09-30,1994
MISSOURI,MISSOURI WESTERN,MOW,EIGHTH CIRCUIT,15,09/30/94,1994-09-30,1994
NEBRASKA,NEBRASKA,NE,EIGHTH CIRCUIT,48,09/30/94,1994-09-30,1994
NORTH DAKOTA,NORTH DAKOTA,ND,EIGHTH CIRCUIT,27,09/30/94,1994-09-30,1994
SOUTH DAKOTA,SOUTH DAKOTA,SD,EIGHTH CIRCUIT,31,09/30/94,1994-09-30,1994
,TOTAL,,NINTH CIRCUIT,160,09/30/94,1994-09-30,1994
ALASKA,ALASKA,AK,NINTH CIRCUIT,1,09/30/94,1994-09-30,1994
ARIZONA,ARIZONA,AZ,NINTH CIRCUIT,12,09/30/94,1994-09-30,1994
CALIFORNIA,CALIFORNIA NORTHERN,CAN,NINTH CIRCUIT,14,09/30/94,1994-09-30,1994
CALIFORNIA,CALIFORNIA EASTERN,CAE,NINTH CIRCUIT,45,09/30/94,1994-09-30,1994
CALIFORNIA,CALIFORNIA CENTRAL,CAC,NINTH CIRCUIT,11,09/30/94,1994-09-30,1994
CALIFORNIA,CALIFORNIA SOUTHERN,CAS,NINTH CIRCUIT,5,09/30/94,1994-09-30,1994
HAWAII,HAWAII,HI,NINTH CIRCUIT,2,09/30/94,1994-09-30,1994
IDAHO,IDAHO,ID,NINTH CIRCUIT,25,09/30/94,1994-09-30,1994
MONTANA,MONTANA,MT,NINTH CIRCUIT,20,09/30/94,1994-09-30,1994
NEVADA,NEVADA,NV,NINTH CIRCUIT,2,09/30/94,1994-09-30,1994
OREGON,OREGON,OR,NINTH CIRCUIT,12,09/30/94,1994-09-30,1994
WASHINGTON,WASHINGTON EASTERN,WAE,NINTH CIRCUIT,10,09/30/94,1994-09-30,1994
WASHINGTON,WASHINGTON WESTERN,WAW,NINTH CIRCUIT,1,09/30/94,1994-09-30,1994
GUAM,GUAM,GUAM,NINTH CIRCUIT,0,09/30/94,1994-09-30,1994
NORTHERN MARIANA ISLANDS,NORTHERN MARIANAS,NMI,NINTH CIRCUIT,0,09/30/94,1994-09-30,1994
,TOTAL,,TENTH CIRCUIT,83,09/30/94,1994-09-30,1994
COLORADO,COLORADO,CO,TENTH CIRCUIT,12,09/30/94,1994-09-30,1994
KANSAS,KANSAS,KS,TENTH CIRCUIT,21,09/30/94,1994-09-30,1994
NEW MEXICO,NEW MEXICO,NM,TENTH CIRCUIT,2,09/30/94,1994-09-30,1994
OKLAHOMA,OKLAHOMA NORTHERN,OKN,TENTH CIRCUIT,1,09/30/94,1994-09-30,1994
OKLAHOMA,OKLAHOMA EASTERN,OKE,TENTH CIRCUIT,10,09/30/94,1994-09-30,1994
OKLAHOMA,OKLAHOMA WESTERN,OKW,TENTH CIRCUIT,29,09/30/94,1994-09-30,1994
UTAH,UTAH,UT,TENTH CIRCUIT,2,09/30/94,1994-09-30,1994
WYOMING,WYOMING,WY,TENTH CIRCUIT,6,09/30/94,1994-09-30,1994
,TOTAL,,ELEVENTH CIRCUIT,60,09/30/94,1994-09-30,1994
ALABAMA,ALABAMA NORTHERN,ALN,ELEVENTH CIRCUIT,5,09/30/94,1994-09-30,1994
ALABAMA,ALABAMA MIDDLE,ALM,ELEVENTH CIRCUIT,3,09/30/94,1994-09-30,1994
ALABAMA,ALABAMA SOUTHERN,ALS,ELEVENTH CIRCUIT,1,09/30/94,1994-09-30,1994
FLORIDA,FLORIDA NORTHERN,FLN,ELEVENTH CIRCUIT,11,09/30/94,1994-09-30,1994
FLORIDA,FLORIDA MIDDLE,FLM,ELEVENTH CIRCUIT,9,09/30/94,1994-09-30,1994
FLORIDA,FLORIDA SOUTHERN,FLS,ELEVENTH CIRCUIT,0,09/30/94,1994-09-30,1994
GEORGIA,GEORGIA NORTHERN,GAN,ELEVENTH CIRCUIT,1,09/30/94,1994-09-30,1994
GEORGIA,GEORGIA MIDDLE,GAM,ELEVENTH CIRCUIT,23,09/30/94,1994-09-30,1994
GEORGIA,GEORGIA SOUTHERN,GAS,ELEVENTH CIRCUIT,7,09/30/94,1994-09-30,1994
,TOTAL,,TOTAL,1355,09/30/93,1993-09-30,1993
DISTRICT OF COLUMBIA,DISTRICT OF COLUMBIA,DC,DC CIRCUIT,0,09/30/93,1993-09-30,1993
,TOTAL,,FIRST CIRCUIT,17,09/30/93,1993-09-30,1993
MAINE,MAINE,ME,FIRST CIRCUIT,3,09/30/93,1993-09-30,1993
MASSACHUSETTS,MASSACHUSETTS,MA,FIRST CIRCUIT,5,09/30/93,1993-09-30,1993
NEW HAMPSHIRE,NEW HAMPSHIRE,NH,FIRST CIRCUIT,1,09/30/93,1993-09-30,1993
RHODE ISLAND,RHODE ISLAND,RI,FIRST CIRCUIT,0,09/30/93,1993-09-30,1993
PUERTO RICO,PUERTO RICO,PR,FIRST CIRCUIT,8,09/30/93,1993-09-30,1993
,TOTAL,,SECOND CIRCUIT,47,09/30/93,1993-09-30,1993
CONNECTICUT,CONNECTICUT,CT,SECOND CIRCUIT,3,09/30/93,1993-09-30,1993
NEW YORK,NEW YORK NORTHERN,NYN,SECOND CIRCUIT,29,09/30/93,1993-09-30,1993
NEW YORK,NEW YORK EASTERN,NYE,SECOND CIRCUIT,0,09/30/93,1993-09-30,1993
NEW YORK,NEW YORK SOUTHERN,NYS,SECOND CIRCUIT,1,09/30/93,1993-09-30,1993
NEW YORK,NEW YORK WESTERN,NYW,SECOND CIRCUIT,8,09/30/93,1993-09-30,1993
VERMONT,VERMONT,VT,SECOND CIRCUIT,6,09/30/93,1993-09-30,1993
,TOTAL,,THIRD CIRCUIT,26,09/30/93,1993-09-30,1993
DELAWARE,DELAWARE,DE,THIRD CIRCUIT,2,09/30/93,1993-09-30,1993
NEW JERSEY,NEW JERSEY,NJ,THIRD CIRCUIT,3,09/30/93,1993-09-30,1993
PENNSYLVANIA,PENNSYLVANIA EASTERN,PAE,THIRD CIRCUIT,3,09/30/93,1993-09-30,1993
PENNSYLVANIA,PENNSYLVANIA MIDDLE,PAM,THIRD CIRCUIT,15,09/30/93,1993-09-30,1993
PENNSYLVANIA,PENNSYLVANIA WESTERN,PAW,THIRD CIRCUIT,3,09/30/93,1993-09-30,1993
VIRGIN ISLANDS,VIRGIN ISLANDS,VI,THIRD CIRCUIT,0,09/30/93,1993-09-30,1993
,TOTAL,,FOURTH CIRCUIT,56,09/30/93,1993-09-30,1993
MARYLAND,MARYLAND,MD,FOURTH CIRCUIT,2,09/30/93,1993-09-30,1993
NORTH CAROLINA,NORTH CAROLINA EASTERN,NCE,FOURTH CIRCUIT,22,09/30/93,1993-09-30,1993
NORTH CAROLINA,NORTH CAROLINA MIDDLE,NCM,FOURTH CIRCUIT,1,09/30/93,1993-09-30,1993
NORTH CAROLINA,NORTH CAROLINA WESTERN,NCW,FOURTH CIRCUIT,6,09/30/93,1993-09-30,1993
SOUTH CAROLINA,SOUTH CAROLINA,SC,FOURTH CIRCUIT,10,09/30/93,1993-09-30,1993
VIRGINIA,VIRGINIA EASTERN,VAE,FOURTH CIRCUIT,4,09/30/93,1993-09-30,1993
VIRGINIA,VIRGINIA WESTERN,VAW,FOURTH CIRCUIT,9,09/30/93,1993-09-30,1993
WEST VIRGINIA,WEST VIRGINIA NORTHERN,WVN,FOURTH CIRCUIT,1,09/30/93,1993-09-30,1993
WEST VIRGINIA,WEST VIRGINIA SOUTHERN,WVS,FOURTH CIRCUIT,1,09/30/93,1993-09-30,1993
,TOTAL,,FIFTH CIRCUIT,184,09/30/93,1993-09-30,1993
LOUISIANA,LOUISIANA EASTERN,LAE,FIFTH CIRCUIT,1,09/30/93,1993-09-30,1993
LOUISIANA,LOUISIANA MIDDLE,LAM,FIFTH CIRCUIT,4,09/30/93,1993-09-30,1993
LOUISIANA,LOUISIANA WESTERN,LAW,FIFTH CIRCUIT,59,09/30/93,1993-09-30,1993
MISSISSIPPI,MISSISSIPPI NORTHERN,MSN,FIFTH CIRCUIT,31,09/30/93,1993-09-30,1993
MISSISSIPPI,MISSISSIPPI SOUTHERN,MSS,FIFTH CIRCUIT,6,09/30/93,1993-09-30,1993
TEXAS,TEXAS NORTHERN,TXN,FIFTH CIRCUIT,39,09/30/93,1993-09-30,1993
TEXAS,TEXAS EASTERN,TXE,FIFTH CIRCUIT,13,09/30/93,1993-09-30,1993
TEXAS,TEXAS SOUTHERN,TXS,FIFTH CIRCUIT,14,09/30/93,1993-09-30,1993
TEXAS,TEXAS WESTERN,TXW,FIFTH CIRCUIT,17,09/30/93,1993-09-30,1993
,TOTAL,,SIXTH CIRCUIT,139,09/30/93,1993-09-30,1993
KENTUCKY,KENTUCKY EASTERN,KYE,SIXTH CIRCUIT,6,09/30/93,1993-09-30,1993
KENTUCKY,KENTUCKY WESTERN,KYW,SIXTH CIRCUIT,9,09/30/93,1993-09-30,1993
MICHIGAN,MICHIGAN EASTERN,MIE,SIXTH CIRCUIT,18,09/30/93,1993-09-30,1993
MICHIGAN,MICHIGAN WESTERN,MIW,SIXTH CIRCUIT,35,09/30/93,1993-09-30,1993
OHIO,OHIO NORTHERN,OHN,SIXTH CIRCUIT,25,09/30/93,1993-09-30,1993
OHIO,OHIO SOUTHERN,OHS,SIXTH CIRCUIT,24,09/30/93,1993-09-30,1993
TENNESSEE,TENNESSEE EASTERN,TNE,SIXTH CIRCUIT,12,09/30/93,1993-09-30,1993
TENNESSEE,TENNESSEE MIDDLE,TNM,SIXTH CIRCUIT,7,09/30/93,1993-09-30,1993
TENNESSEE,TENNESSEE WESTERN,TNW,SIXTH CIRCUIT,3,09/30/93,1993-09-30,1993
,TOTAL,,SEVENTH CIRCUIT,189,09/30/93,1993-09-30,1993
ILLINOIS,ILLINOIS NORTHERN,ILN,SEVENTH CIRCUIT,12,09/30/93,1993-09-30,1993
ILLINOIS,ILLINOIS CENTRAL,ILC,SEVENTH CIRCUIT,45,09/30/93,1993-09-30,1993
ILLINOIS,ILLINOIS SOUTHERN,ILS,SEVENTH CIRCUIT,14,09/30/93,1993-09-30,1993
INDIANA,INDIANA NORTHERN,INN,SEVENTH CIRCUIT,21,09/30/93,1993-09-30,1993
INDIANA,INDIANA SOUTHERN,INS,SEVENTH CIRCUIT,32,09/30/93,1993-09-30,1993
WISCONSIN,WISCONSIN EASTERN,WIE,SEVENTH CIRCUIT,19,09/30/93,1993-09-30,1993
WISCONSIN,WISCONSIN WESTERN,WIW,SEVENTH CIRCUIT,46,09/30/93,1993-09-30,1993
,TOTAL,,EIGHTH CIRCUIT,287,09/30/93,1993-09-30,1993
ARKANSAS,ARKANSAS EASTERN,ARE,EIGHTH CIRCUIT,18,09/30/93,1993-09-30,1993
ARKANSAS,ARKANSAS WESTERN,ARW,EIGHTH CIRCUIT,16,09/30/93,1993-09-30,1993
IOWA,IOWA NORTHERN,IAN,EIGHTH CIRCUIT,12,09/30/93,1993-09-30,1993
IOWA,IOWA SOUTHERN,IAS,EIGHTH CIRCUIT,10,09/30/93,1993-09-30,1993
MINNESOTA,MINNESOTA,MN,EIGHTH CIRCUIT,37,09/30/93,1993-09-30,1993
MISSOURI,MISSOURI EASTERN,MOE,EIGHTH CIRCUIT,12,09/30/93,1993-09-30,1993
MISSOURI,MISSOURI WESTERN,MOW,EIGHTH CIRCUIT,17,09/30/93,1993-09-30,1993
NEBRASKA,NEBRASKA,NE,EIGHTH CIRCUIT,70,09/30/93,1993-09-30,1993
NORTH DAKOTA,NORTH DAKOTA,ND,EIGHTH CIRCUIT,48,09/30/93,1993-09-30,1993
SOUTH DAKOTA,SOUTH DAKOTA,SD,EIGHTH CIRCUIT,47,09/30/93,1993-09-30,1993
,TOTAL,,NINTH CIRCUIT,193,09/30/93,1993-09-30,1993
ALASKA,ALASKA,AK,NINTH CIRCUIT,3,09/30/93,1993-09-30,1993
ARIZONA,ARIZONA,AZ,NINTH CIRCUIT,13,09/30/93,1993-09-30,1993
CALIFORNIA,CALIFORNIA NORTHERN,CAN,NINTH CIRCUIT,20,09/30/93,1993-09-30,1993
CALIFORNIA,CALIFORNIA EASTERN,CAE,NINTH CIRCUIT,50,09/30/93,1993-09-30,1993
CALIFORNIA,CALIFORNIA CENTRAL,CAC,NINTH CIRCUIT,6,09/30/93,1993-09-30,1993
CALIFORNIA,CALIFORNIA SOUTHERN,CAS,NINTH CIRCUIT,1,09/30/93,1993-09-30,1993
HAWAII,HAWAII,HI,NINTH CIRCUIT,0,09/30/93,1993-09-30,1993
IDAHO,IDAHO,ID,NINTH CIRCUIT,36,09/30/93,1993-09-30,1993
MONTANA,MONTANA,MT,NINTH CIRCUIT,26,09/30/93,1993-09-30,1993
NEVADA,NEVADA,NV,NINTH CIRCUIT,2,09/30/93,1993-09-30,1993
OREGON,OREGON,OR,NINTH CIRCUIT,13,09/30/93,1993-09-30,1993
WASHINGTON,WASHINGTON EASTERN,WAE,NINTH CIRCUIT,20,09/30/93,1993-09-30,1993
WASHINGTON,WASHINGTON WESTERN,WAW,NINTH CIRCUIT,3,09/30/93,1993-09-30,1993
GUAM,GUAM,GUAM,NINTH CIRCUIT,0,09/30/93,1993-09-30,1993
NORTHERN MARIANA ISLANDS,NORTHERN MARIANAS,NMI,NINTH CIRCUIT,0,09/30/93,1993-09-30,1993
,TOTAL,,TENTH CIRCUIT,125,09/30/93,1993-09-30,1993
COLORADO,COLORADO,CO,TENTH CIRCUIT,24,09/30/93,1993-09-30,1993
KANSAS,KANSAS,KS,TENTH CIRCUIT,31,09/30/93,1993-09-30,1993
NEW MEXICO,NEW MEXICO,NM,TENTH CIRCUIT,9,09/30/93,1993-09-30,1993
OKLAHOMA,OKLAHOMA NORTHERN,OKN,TENTH CIRCUIT,2,09/30/93,1993-09-30,1993
OKLAHOMA,OKLAHOMA EASTERN,OKE,TENTH CIRCUIT,12,09/30/93,1993-09-30,1993
OKLAHOMA,OKLAHOMA WESTERN,OKW,TENTH CIRCUIT,32,09/30/93,1993-09-30,1993
UTAH,UTAH,UT,TENTH CIRCUIT,11,09/30/93,1993-09-30,1993
WYOMING,WYOMING,WY,TENTH CIRCUIT,4,09/30/93,1993-09-30,1993
,TOTAL,,ELEVENTH CIRCUIT,92,09/30/93,1993-09-30,1993
ALABAMA,ALABAMA NORTHERN,ALN,ELEVENTH CIRCUIT,10,09/30/93,1993-09-30,1993
ALABAMA,ALABAMA MIDDLE,ALM,ELEVENTH CIRCUIT,4,09/30/93,1993-09-30,1993
ALABAMA,ALABAMA SOUTHERN,ALS,ELEVENTH CIRCUIT,0,09/30/93,1993-09-30,1993
FLORIDA,FLORIDA NORTHERN,FLN,ELEVENTH CIRCUIT,6,09/30/93,1993-09-30,1993
FLORIDA,FLORIDA MIDDLE,FLM,ELEVENTH CIRCUIT,15,09/30/93,1993-09-30,1993
FLORIDA,FLORIDA SOUTHERN,FLS,ELEVENTH CIRCUIT,6,09/30/93,1993-09-30,1993
GEORGIA,GEORGIA NORTHERN,GAN,ELEVENTH CIRCUIT,3,09/30/93,1993-09-30,1993
GEORGIA,GEORGIA MIDDLE,GAM,ELEVENTH CIRCUIT,38,09/30/93,1993-09-30,1993
GEORGIA,GEORGIA SOUTHERN,GAS,ELEVENTH CIRCUIT,10,09/30/93,1993-09-30,1993
,TOTAL,,TOTAL,1525,09/30/92,1992-09-30,1992
DISTRICT OF COLUMBIA,DISTRICT OF COLUMBIA,DC,DC CIRCUIT,0,09/30/92,1992-09-30,1992
,TOTAL,,FIRST CIRCUIT,24,09/30/92,1992-09-30,1992
MAINE,MAINE,ME,FIRST CIRCUIT,2,09/30/92,1992-09-30,1992
MASSACHUSETTS,MASSACHUSETTS,MA,FIRST CIRCUIT,5,09/30/92,1992-09-30,1992
NEW HAMPSHIRE,NEW HAMPSHIRE,NH,FIRST CIRCUIT,2,09/30/92,1992-09-30,1992
RHODE ISLAND,RHODE ISLAND,RI,FIRST CIRCUIT,0,09/30/92,1992-09-30,1992
PUERTO RICO,PUERTO RICO,PR,FIRST CIRCUIT,15,09/30/92,1992-09-30,1992
,TOTAL,,SECOND CIRCUIT,43,09/30/92,1992-09-30,1992
CONNECTICUT,CONNECTICUT,CT,SECOND CIRCUIT,2,09/30/92,1992-09-30,1992
NEW YORK,NEW YORK NORTHERN,NYN,SECOND CIRCUIT,12,09/30/92,1992-09-30,1992
NEW YORK,NEW YORK EASTERN,NYE,SECOND CIRCUIT,3,09/30/92,1992-09-30,1992
NEW YORK,NEW YORK SOUTHERN,NYS,SECOND CIRCUIT,3,09/30/92,1992-09-30,1992
NEW YORK,NEW YORK WESTERN,NYW,SECOND CIRCUIT,9,09/30/92,1992-09-30,1992
VERMONT,VERMONT,VT,SECOND CIRCUIT,14,09/30/92,1992-09-30,1992
,TOTAL,,THIRD CIRCUIT,13,09/30/92,1992-09-30,1992
DELAWARE,DELAWARE,DE,THIRD CIRCUIT,0,09/30/92,1992-09-30,1992
NEW JERSEY,NEW JERSEY,NJ,THIRD CIRCUIT,3,09/30/92,1992-09-30,1992
PENNSYLVANIA,PENNSYLVANIA EASTERN,PAE,THIRD CIRCUIT,1,09/30/92,1992-09-30,1992
PENNSYLVANIA,PENNSYLVANIA MIDDLE,PAM,THIRD CIRCUIT,2,09/30/92,1992-09-30,1992
PENNSYLVANIA,PENNSYLVANIA WESTERN,PAW,THIRD CIRCUIT,7,09/30/92,1992-09-30,1992
VIRGIN ISLANDS,VIRGIN ISLANDS,VI,THIRD CIRCUIT,0,09/30/92,1992-09-30,1992
,TOTAL,,FOURTH CIRCUIT,79,09/30/92,1992-09-30,1992
MARYLAND,MARYLAND,MD,FOURTH CIRCUIT,7,09/30/92,1992-09-30,1992
NORTH CAROLINA,NORTH CAROLINA EASTERN,NCE,FOURTH CIRCUIT,27,09/30/92,1992-09-30,1992
NORTH CAROLINA,NORTH CAROLINA MIDDLE,NCM,FOURTH CIRCUIT,3,09/30/92,1992-09-30,1992
NORTH CAROLINA,NORTH CAROLINA WESTERN,NCW,FOURTH CIRCUIT,8,09/30/92,1992-09-30,1992
SOUTH CAROLINA,SOUTH CAROLINA,SC,FOURTH CIRCUIT,13,09/30/92,1992-09-30,1992
VIRGINIA,VIRGINIA EASTERN,VAE,FOURTH CIRCUIT,11,09/30/92,1992-09-30,1992
VIRGINIA,VIRGINIA WESTERN,VAW,FOURTH CIRCUIT,9,09/30/92,1992-09-30,1992
WEST VIRGINIA,WEST VIRGINIA NORTHERN,WVN,FOURTH CIRCUIT,0,09/30/92,1992-09-30,1992
WEST VIRGINIA,WEST VIRGINIA SOUTHERN,WVS,FOURTH CIRCUIT,1,09/30/92,1992-09-30,1992
,TOTAL,,FIFTH CIRCUIT,248,09/30/92,1992-09-30,1992
LOUISIANA,LOUISIANA EASTERN,LAE,FIFTH CIRCUIT,3,09/30/92,1992-09-30,1992
LOUISIANA,LOUISIANA MIDDLE,LAM,FIFTH CIRCUIT,1,09/30/92,1992-09-30,1992
LOUISIANA,LOUISIANA WESTERN,LAW,FIFTH CIRCUIT,89,09/30/92,1992-09-30,1992
MISSISSIPPI,MISSISSIPPI NORTHERN,MSN,FIFTH CIRCUIT,16,09/30/92,1992-09-30,1992
MISSISSIPPI,MISSISSIPPI SOUTHERN,MSS,FIFTH CIRCUIT,11,09/30/92,1992-09-30,1992
TEXAS,TEXAS NORTHERN,TXN,FIFTH CIRCUIT,68,09/30/92,1992-09-30,1992
TEXAS,TEXAS EASTERN,TXE,FIFTH CIRCUIT,13,09/30/92,1992-09-30,1992
TEXAS,TEXAS SOUTHERN,TXS,FIFTH CIRCUIT,19,09/30/92,1992-09-30,1992
TEXAS,TEXAS WESTERN,TXW,FIFTH CIRCUIT,28,09/30/92,1992-09-30,1992
,TOTAL,,SIXTH CIRCUIT,181,09/30/92,1992-09-30,1992
KENTUCKY,KENTUCKY EASTERN,KYE,SIXTH CIRCUIT,9,09/30/92,1992-09-30,1992
KENTUCKY,KENTUCKY WESTERN,KYW,SIXTH CIRCUIT,12,09/30/92,1992-09-30,1992
MICHIGAN,MICHIGAN EASTERN,MIE,SIXTH CIRCUIT,27,09/30/92,1992-09-30,1992
MICHIGAN,MICHIGAN WESTERN,MIW,SIXTH CIRCUIT,26,09/30/92,1992-09-30,1992
OHIO,OHIO NORTHERN,OHN,SIXTH CIRCUIT,43,09/30/92,1992-09-30,1992
OHIO,OHIO SOUTHERN,OHS,SIXTH CIRCUIT,29,09/30/92,1992-09-30,1992
TENNESSEE,TENNESSEE EASTERN,TNE,SIXTH CIRCUIT,19,09/30/92,1992-09-30,1992
TENNESSEE,TENNESSEE MIDDLE,TNM,SIXTH CIRCUIT,12,09/30/92,1992-09-30,1992
TENNESSEE,TENNESSEE WESTERN,TNW,SIXTH CIRCUIT,4,09/30/92,1992-09-30,1992
,TOTAL,,SEVENTH CIRCUIT,189,09/30/92,1992-09-30,1992
ILLINOIS,ILLINOIS NORTHERN,ILN,SEVENTH CIRCUIT,5,09/30/92,1992-09-30,1992
ILLINOIS,ILLINOIS CENTRAL,ILC,SEVENTH CIRCUIT,52,09/30/92,1992-09-30,1992
ILLINOIS,ILLINOIS SOUTHERN,ILS,SEVENTH CIRCUIT,19,09/30/92,1992-09-30,1992
INDIANA,INDIANA NORTHERN,INN,SEVENTH CIRCUIT,18,09/30/92,1992-09-30,1992
INDIANA,INDIANA SOUTHERN,INS,SEVENTH CIRCUIT,18,09/30/92,1992-09-30,1992
WISCONSIN,WISCONSIN EASTERN,WIE,SEVENTH CIRCUIT,23,09/30/92,1992-09-30,1992
WISCONSIN,WISCONSIN WESTERN,WIW,SEVENTH CIRCUIT,54,09/30/92,1992-09-30,1992
,TOTAL,,EIGHTH CIRCUIT,321,09/30/92,1992-09-30,1992
ARKANSAS,ARKANSAS EASTERN,ARE,EIGHTH CIRCUIT,20,09/30/92,1992-09-30,1992
ARKANSAS,ARKANSAS WESTERN,ARW,EIGHTH CIRCUIT,16,09/30/92,1992-09-30,1992
IOWA,IOWA NORTHERN,IAN,EIGHTH CIRCUIT,9,09/30/92,1992-09-30,1992
IOWA,IOWA SOUTHERN,IAS,EIGHTH CIRCUIT,12,09/30/92,1992-09-30,1992
MINNESOTA,MINNESOTA,MN,EIGHTH CIRCUIT,31,09/30/92,1992-09-30,1992
MISSOURI,MISSOURI EASTERN,MOE,EIGHTH CIRCUIT,11,09/30/92,1992-09-30,1992
MISSOURI,MISSOURI WESTERN,MOW,EIGHTH CIRCUIT,45,09/30/92,1992-09-30,1992
NEBRASKA,NEBRASKA,NE,EIGHTH CIRCUIT,90,09/30/92,1992-09-30,1992
NORTH DAKOTA,NORTH DAKOTA,ND,EIGHTH CIRCUIT,47,09/30/92,1992-09-30,1992
SOUTH DAKOTA,SOUTH DAKOTA,SD,EIGHTH CIRCUIT,40,09/30/92,1992-09-30,1992
,TOTAL,,NINTH CIRCUIT,250,09/30/92,1992-09-30,1992
ALASKA,ALASKA,AK,NINTH CIRCUIT,3,09/30/92,1992-09-30,1992
ARIZONA,ARIZONA,AZ,NINTH CIRCUIT,21,09/30/92,1992-09-30,1992
CALIFORNIA,CALIFORNIA NORTHERN,CAN,NINTH CIRCUIT,4,09/30/92,1992-09-30,1992
CALIFORNIA,CALIFORNIA EASTERN,CAE,NINTH CIRCUIT,43,09/30/92,1992-09-30,1992
CALIFORNIA,CALIFORNIA CENTRAL,CAC,NINTH CIRCUIT,15,09/30/92,1992-09-30,1992
CALIFORNIA,CALIFORNIA SOUTHERN,CAS,NINTH CIRCUIT,3,09/30/92,1992-09-30,1992
HAWAII,HAWAII,HI,NINTH CIRCUIT,0,09/30/92,1992-09-30,1992
IDAHO,IDAHO,ID,NINTH CIRCUIT,51,09/30/92,1992-09-30,1992
MONTANA,MONTANA,MT,NINTH CIRCUIT,47,09/30/92,1992-09-30,1992
NEVADA,NEVADA,NV,NINTH CIRCUIT,1,09/30/92,1992-09-30,1992
OREGON,OREGON,OR,NINTH CIRCUIT,10,09/30/92,1992-09-30,1992
WASHINGTON,WASHINGTON EASTERN,WAE,NINTH CIRCUIT,47,09/30/92,1992-09-30,1992
WASHINGTON,WASHINGTON WESTERN,WAW,NINTH CIRCUIT,5,09/30/92,1992-09-30,1992
GUAM,GUAM,GUAM,NINTH CIRCUIT,0,09/30/92,1992-09-30,1992
NORTHERN MARIANA ISLANDS,NORTHERN MARIANAS,NMI,NINTH CIRCUIT,0,09/30/92,1992-09-30,1992
,TOTAL,,TENTH CIRCUIT,168,09/30/92,1992-09-30,1992
COLORADO,COLORADO,CO,TENTH CIRCUIT,30,09/30/92,1992-09-30,1992
KANSAS,KANSAS,KS,TENTH CIRCUIT,50,09/30/92,1992-09-30,1992
NEW MEXICO,NEW MEXICO,NM,TENTH CIRCUIT,23,09/30/92,1992-09-30,1992
OKLAHOMA,OKLAHOMA NORTHERN,OKN,TENTH CIRCUIT,5,09/30/92,1992-09-30,1992
OKLAHOMA,OKLAHOMA EASTERN,OKE,TENTH CIRCUIT,8,09/30/92,1992-09-30,1992
OKLAHOMA,OKLAHOMA WESTERN,OKW,TENTH CIRCUIT,45,09/30/92,1992-09-30,1992
UTAH,UTAH,UT,TENTH CIRCUIT,4,09/30/92,1992-09-30,1992
WYOMING,WYOMING,WY,TENTH CIRCUIT,3,09/30/92,1992-09-30,1992
,TOTAL,,ELEVENTH CIRCUIT,109,09/30/92,1992-09-30,1992
ALABAMA,ALABAMA NORTHERN,ALN,ELEVENTH CIRCUIT,7,09/30/92,1992-09-30,1992
ALABAMA,ALABAMA MIDDLE,ALM,ELEVENTH CIRCUIT,2,09/30/92,1992-09-30,1992
ALABAMA,ALABAMA SOUTHERN,ALS,ELEVENTH CIRCUIT,6,09/30/92,1992-09-30,1992
FLORIDA,FLORIDA NORTHERN,FLN,ELEVENTH CIRCUIT,9,09/30/92,1992-09-30,1992
FLORIDA,FLORIDA MIDDLE,FLM,ELEVENTH CIRCUIT,28,09/30/92,1992-09-30,1992
FLORIDA,FLORIDA SOUTHERN,FLS,ELEVENTH CIRCUIT,4,09/30/92,1992-09-30,1992
GEORGIA,GEORGIA NORTHERN,GAN,ELEVENTH CIRCUIT,2,09/30/92,1992-09-30,1992
GEORGIA,GEORGIA MIDDLE,GAM,ELEVENTH CIRCUIT,38,09/30/92,1992-09-30,1992
GEORGIA,GEORGIA SOUTHERN,GAS,ELEVENTH CIRCUIT,13,09/30/92,1992-09-30,1992
,TOTAL,,TOTAL,1358,06/30/91,1991-06-30,1991
DISTRICT OF COLUMBIA,DISTRICT OF COLUMBIA,DC,DC CIRCUIT,0,06/30/91,1991-06-30,1991
,TOTAL,,FIRST CIRCUIT,12,06/30/91,1991-06-30,1991
MAINE,MAINE,ME,FIRST CIRCUIT,0,06/30/91,1991-06-30,1991
MASSACHUSETTS,MASSACHUSETTS,MA,FIRST CIRCUIT,2,06/30/91,1991-06-30,1991
NEW HAMPSHIRE,NEW HAMPSHIRE,NH,FIRST CIRCUIT,1,06/30/91,1991-06-30,1991
RHODE ISLAND,RHODE ISLAND,RI,FIRST CIRCUIT,0,06/30/91,1991-06-30,1991
PUERTO RICO,PUERTO RICO,PR,FIRST CIRCUIT,9,06/30/91,1991-06-30,1991
,TOTAL,,SECOND CIRCUIT,32,06/30/91,1991-06-30,1991
CONNECTICUT,CONNECTICUT,CT,SECOND CIRCUIT,1,06/30/91,1991-06-30,1991
NEW YORK,NEW YORK NORTHERN,NYN,SECOND CIRCUIT,10,06/30/91,1991-06-30,1991
NEW YORK,NEW YORK EASTERN,NYE,SECOND CIRCUIT,0,06/30/91,1991-06-30,1991
NEW YORK,NEW YORK SOUTHERN,NYS,SECOND CIRCUIT,2,06/30/91,1991-06-30,1991
NEW YORK,NEW YORK WESTERN,NYW,SECOND CIRCUIT,8,06/30/91,1991-06-30,1991
VERMONT,VERMONT,VT,SECOND CIRCUIT,11,06/30/91,1991-06-30,1991
,TOTAL,,THIRD CIRCUIT,20,06/30/91,1991-06-30,1991
DELAWARE,DELAWARE,DE,THIRD CIRCUIT,0,06/30/91,1991-06-30,1991
NEW JERSEY,NEW JERSEY,NJ,THIRD CIRCUIT,5,06/30/91,1991-06-30,1991
PENNSYLVANIA,PENNSYLVANIA EASTERN,PAE,THIRD CIRCUIT,0,06/30/91,1991-06-30,1991
PENNSYLVANIA,PENNSYLVANIA MIDDLE,PAM,THIRD CIRCUIT,7,06/30/91,1991-06-30,1991
PENNSYLVANIA,PENNSYLVANIA WESTERN,PAW,THIRD CIRCUIT,8,06/30/91,1991-06-30,1991
VIRGIN ISLANDS,VIRGIN ISLANDS,VI,THIRD CIRCUIT,0,06/30/91,1991-06-30,1991
,TOTAL,,FOURTH CIRCUIT,46,06/30/91,1991-06-30,1991
MARYLAND,MARYLAND,MD,FOURTH CIRCUIT,5,06/30/91,1991-06-30,1991
NORTH CAROLINA,NORTH CAROLINA EASTERN,NCE,FOURTH CIRCUIT,17,06/30/91,1991-06-30,1991
NORTH CAROLINA,NORTH CAROLINA MIDDLE,NCM,FOURTH CIRCUIT,3,06/30/91,1991-06-30,1991
NORTH CAROLINA,NORTH CAROLINA WESTERN,NCW,FOURTH CIRCUIT,7,06/30/91,1991-06-30,1991
SOUTH CAROLINA,SOUTH CAROLINA,SC,FOURTH CIRCUIT,5,06/30/91,1991-06-30,1991
VIRGINIA,VIRGINIA EASTERN,VAE,FOURTH CIRCUIT,2,06/30/91,1991-06-30,1991
VIRGINIA,VIRGINIA WESTERN,VAW,FOURTH CIRCUIT,5,06/30/91,1991-06-30,1991
WEST VIRGINIA,WEST VIRGINIA NORTHERN,WVN,FOURTH CIRCUIT,1,06/30/91,1991-06-30,1991
WEST VIRGINIA,WEST VIRGINIA SOUTHERN,WVS,FOURTH CIRCUIT,1,06/30/91,1991-06-30,1991
,TOTAL,,FIFTH CIRCUIT,221,06/30/91,1991-06-30,1991
LOUISIANA,LOUISIANA EASTERN,LAE,FIFTH CIRCUIT,3,06/30/91,1991-06-30,1991
LOUISIANA,LOUISIANA MIDDLE,LAM,FIFTH CIRCUIT,2,06/30/91,1991-06-30,1991
LOUISIANA,LOUISIANA WESTERN,LAW,FIFTH CIRCUIT,72,06/30/91,1991-06-30,1991
MISSISSIPPI,MISSISSIPPI NORTHERN,MSN,FIFTH CIRCUIT,32,06/30/91,1991-06-30,1991
MISSISSIPPI,MISSISSIPPI SOUTHERN,MSS,FIFTH CIRCUIT,7,06/30/91,1991-06-30,1991
TEXAS,TEXAS NORTHERN,TXN,FIFTH CIRCUIT,56,06/30/91,1991-06-30,1991
TEXAS,TEXAS EASTERN,TXE,FIFTH CIRCUIT,11,06/30/91,1991-06-30,1991
TEXAS,TEXAS SOUTHERN,TXS,FIFTH CIRCUIT,15,06/30/91,1991-06-30,1991
TEXAS,TEXAS WESTERN,TXW,FIFTH CIRCUIT,23,06/30/91,1991-06-30,1991
,TOTAL,,SIXTH CIRCUIT,143,06/30/91,1991-06-30,1991
KENTUCKY,KENTUCKY EASTERN,KYE,SIXTH CIRCUIT,4,06/30/91,1991-06-30,1991
KENTUCKY,KENTUCKY WESTERN,KYW,SIXTH CIRCUIT,10,06/30/91,1991-06-30,1991
MICHIGAN,MICHIGAN EASTERN,MIE,SIXTH CIRCUIT,22,06/30/91,1991-06-30,1991
MICHIGAN,MICHIGAN WESTERN,MIW,SIXTH CIRCUIT,19,06/30/91,1991-06-30,1991
OHIO,OHIO NORTHERN,OHN,SIXTH CIRCUIT,29,06/30/91,1991-06-30,1991
OHIO,OHIO SOUTHERN,OHS,SIXTH CIRCUIT,30,06/30/91,1991-06-30,1991
TENNESSEE,TENNESSEE EASTERN,TNE,SIXTH CIRCUIT,13,06/30/91,1991-06-30,1991
TENNESSEE,TENNESSEE MIDDLE,TNM,SIXTH CIRCUIT,7,06/30/91,1991-06-30,1991
TENNESSEE,TENNESSEE WESTERN,TNW,SIXTH CIRCUIT,9,06/30/91,1991-06-30,1991
,TOTAL,,SEVENTH CIRCUIT,150,06/30/91,1991-06-30,1991
ILLINOIS,ILLINOIS NORTHERN,ILN,SEVENTH CIRCUIT,6,06/30/91,1991-06-30,1991
ILLINOIS,ILLINOIS CENTRAL,ILC,SEVENTH CIRCUIT,29,06/30/91,1991-06-30,1991
ILLINOIS,ILLINOIS SOUTHERN,ILS,SEVENTH CIRCUIT,19,06/30/91,1991-06-30,1991
INDIANA,INDIANA NORTHERN,INN,SEVENTH CIRCUIT,16,06/30/91,1991-06-30,1991
INDIANA,INDIANA SOUTHERN,INS,SEVENTH CIRCUIT,23,06/30/91,1991-06-30,1991
WISCONSIN,WISCONSIN EASTERN,WIE,SEVENTH CIRCUIT,21,06/30/91,1991-06-30,1991
WISCONSIN,WISCONSIN WESTERN,WIW,SEVENTH CIRCUIT,36,06/30/91,1991-06-30,1991
,TOTAL,,EIGHTH CIRCUIT,283,06/30/91,1991-06-30,1991
ARKANSAS,ARKANSAS EASTERN,ARE,EIGHTH CIRCUIT,17,06/30/91,1991-06-30,1991
ARKANSAS,ARKANSAS WESTERN,ARW,EIGHTH CIRCUIT,17,06/30/91,1991-06-30,1991
IOWA,IOWA NORTHERN,IAN,EIGHTH CIRCUIT,13,06/30/91,1991-06-30,1991
IOWA,IOWA SOUTHERN,IAS,EIGHTH CIRCUIT,8,06/30/91,1991-06-30,1991
MINNESOTA,MINNESOTA,MN,EIGHTH CIRCUIT,41,06/30/91,1991-06-30,1991
MISSOURI,MISSOURI EASTERN,MOE,EIGHTH CIRCUIT,6,06/30/91,1991-06-30,1991
MISSOURI,MISSOURI WESTERN,MOW,EIGHTH CIRCUIT,26,06/30/91,1991-06-30,1991
NEBRASKA,NEBRASKA,NE,EIGHTH CIRCUIT,66,06/30/91,1991-06-30,1991
NORTH DAKOTA,NORTH DAKOTA,ND,EIGHTH CIRCUIT,42,06/30/91,1991-06-30,1991
SOUTH DAKOTA,SOUTH DAKOTA,SD,EIGHTH CIRCUIT,47,06/30/91,1991-06-30,1991
,TOTAL,,NINTH CIRCUIT,203,06/30/91,1991-06-30,1991
ALASKA,ALASKA,AK,NINTH CIRCUIT,0,06/30/91,1991-06-30,1991
ARIZONA,ARIZONA,AZ,NINTH CIRCUIT,20,06/30/91,1991-06-30,1991
CALIFORNIA,CALIFORNIA NORTHERN,CAN,NINTH CIRCUIT,5,06/30/91,1991-06-30,1991
CALIFORNIA,CALIFORNIA EASTERN,CAE,NINTH CIRCUIT,34,06/30/91,1991-06-30,1991
CALIFORNIA,CALIFORNIA CENTRAL,CAC,NINTH CIRCUIT,4,06/30/91,1991-06-30,1991
CALIFORNIA,CALIFORNIA SOUTHERN,CAS,NINTH CIRCUIT,4,06/30/91,1991-06-30,1991
HAWAII,HAWAII,HI,NINTH CIRCUIT,0,06/30/91,1991-06-30,1991
IDAHO,IDAHO,ID,NINTH CIRCUIT,37,06/30/91,1991-06-30,1991
MONTANA,MONTANA,MT,NINTH CIRCUIT,44,06/30/91,1991-06-30,1991
NEVADA,NEVADA,NV,NINTH CIRCUIT,1,06/30/91,1991-06-30,1991
OREGON,OREGON,OR,NINTH CIRCUIT,14,06/30/91,1991-06-30,1991
WASHINGTON,WASHINGTON EASTERN,WAE,NINTH CIRCUIT,35,06/30/91,1991-06-30,1991
WASHINGTON,WASHINGTON WESTERN,WAW,NINTH CIRCUIT,5,06/30/91,1991-06-30,1991
GUAM,GUAM,GUAM,NINTH CIRCUIT,0,06/30/91,1991-06-30,1991
NORTHERN MARIANA ISLANDS,NORTHERN MARIANAS,NMI,NINTH CIRCUIT,0,06/30/91,1991-06-30,1991
,TOTAL,,TENTH CIRCUIT,128,06/30/91,1991-06-30,1991
COLORADO,COLORADO,CO,TENTH CIRCUIT,17,06/30/91,1991-06-30,1991
KANSAS,KANSAS,KS,TENTH CIRCUIT,27,06/30/91,1991-06-30,1991
NEW MEXICO,NEW MEXICO,NM,TENTH CIRCUIT,6,06/30/91,1991-06-30,1991
OKLAHOMA,OKLAHOMA NORTHERN,OKN,TENTH CIRCUIT,4,06/30/91,1991-06-30,1991
OKLAHOMA,OKLAHOMA EASTERN,OKE,TENTH CIRCUIT,13,06/30/91,1991-06-30,1991
OKLAHOMA,OKLAHOMA WESTERN,OKW,TENTH CIRCUIT,48,06/30/91,1991-06-30,1991
UTAH,UTAH,UT,TENTH CIRCUIT,8,06/30/91,1991-06-30,1991
WYOMING,WYOMING,WY,TENTH CIRCUIT,5,06/30/91,1991-06-30,1991
,TOTAL,,ELEVENTH CIRCUIT,120,06/30/91,1991-06-30,1991
ALABAMA,ALABAMA NORTHERN,ALN,ELEVENTH CIRCUIT,10,06/30/91,1991-06-30,1991
ALABAMA,ALABAMA MIDDLE,ALM,ELEVENTH CIRCUIT,2,06/30/91,1991-06-30,1991
ALABAMA,ALABAMA SOUTHERN,ALS,ELEVENTH CIRCUIT,4,06/30/91,1991-06-30,1991
FLORIDA,FLORIDA NORTHERN,FLN,ELEVENTH CIRCUIT,16,06/30/91,1991-06-30,1991
FLORIDA,FLORIDA MIDDLE,FLM,ELEVENTH CIRCUIT,15,06/30/91,1991-06-30,1991
FLORIDA,FLORIDA SOUTHERN,FLS,ELEVENTH CIRCUIT,5,06/30/91,1991-06-30,1991
GEORGIA,GEORGIA NORTHERN,GAN,ELEVENTH CIRCUIT,4,06/30/91,1991-06-30,1991
GEORGIA,GEORGIA MIDDLE,GAM,ELEVENTH CIRCUIT,36,06/30/91,1991-06-30,1991
GEORGIA,GEORGIA SOUTHERN,GAS,ELEVENTH CIRCUIT,28,06/30/91,1991-06-30,1991
,TOTAL,,TOTAL,1351,06/30/90,1990-06-30,1990
DISTRICT OF COLUMBIA,DISTRICT OF COLUMBIA,DC,DC CIRCUIT,0,06/30/90,1990-06-30,1990
,TOTAL,,FIRST CIRCUIT,12,06/30/90,1990-06-30,1990
MAINE,MAINE,ME,FIRST CIRCUIT,0,06/30/90,1990-06-30,1990
MASSACHUSETTS,MASSACHUSETTS,MA,FIRST CIRCUIT,1,06/30/90,1990-06-30,1990
NEW HAMPSHIRE,NEW HAMPSHIRE,NH,FIRST CIRCUIT,0,06/30/90,1990-06-30,1990
RHODE ISLAND,RHODE ISLAND,RI,FIRST CIRCUIT,0,06/30/90,1990-06-30,1990
PUERTO RICO,PUERTO RICO,PR,FIRST CIRCUIT,11,06/30/90,1990-06-30,1990
,TOTAL,,SECOND CIRCUIT,20,06/30/90,1990-06-30,1990
CONNECTICUT,CONNECTICUT,CT,SECOND CIRCUIT,0,06/30/90,1990-06-30,1990
NEW YORK,NEW YORK NORTHERN,NYN,SECOND CIRCUIT,8,06/30/90,1990-06-30,1990
NEW YORK,NEW YORK EASTERN,NYE,SECOND CIRCUIT,0,06/30/90,1990-06-30,1990
NEW YORK,NEW YORK SOUTHERN,NYS,SECOND CIRCUIT,1,06/30/90,1990-06-30,1990
NEW YORK,NEW YORK WESTERN,NYW,SECOND CIRCUIT,8,06/30/90,1990-06-30,1990
VERMONT,VERMONT,VT,SECOND CIRCUIT,3,06/30/90,1990-06-30,1990
,TOTAL,,THIRD CIRCUIT,6,06/30/90,1990-06-30,1990
DELAWARE,DELAWARE,DE,THIRD CIRCUIT,0,06/30/90,1990-06-30,1990
NEW JERSEY,NEW JERSEY,NJ,THIRD CIRCUIT,1,06/30/90,1990-06-30,1990
PENNSYLVANIA,PENNSYLVANIA EASTERN,PAE,THIRD CIRCUIT,1,06/30/90,1990-06-30,1990
PENNSYLVANIA,PENNSYLVANIA MIDDLE,PAM,THIRD CIRCUIT,2,06/30/90,1990-06-30,1990
PENNSYLVANIA,PENNSYLVANIA WESTERN,PAW,THIRD CIRCUIT,2,06/30/90,1990-06-30,1990
VIRGIN ISLANDS,VIRGIN ISLANDS,VI,THIRD CIRCUIT,0,06/30/90,1990-06-30,1990
,TOTAL,,FOURTH CIRCUIT,39,06/30/90,1990-06-30,1990
MARYLAND,MARYLAND,MD,FOURTH CIRCUIT,2,06/30/90,1990-06-30,1990
NORTH CAROLINA,NORTH CAROLINA EASTERN,NCE,FOURTH CIRCUIT,24,06/30/90,1990-06-30,1990
NORTH CAROLINA,NORTH CAROLINA MIDDLE,NCM,FOURTH CIRCUIT,3,06/30/90,1990-06-30,1990
NORTH CAROLINA,NORTH CAROLINA WESTERN,NCW,FOURTH CIRCUIT,0,06/30/90,1990-06-30,1990
SOUTH CAROLINA,SOUTH CAROLINA,SC,FOURTH CIRCUIT,4,06/30/90,1990-06-30,1990
VIRGINIA,VIRGINIA EASTERN,VAE,FOURTH CIRCUIT,2,06/30/90,1990-06-30,1990
VIRGINIA,VIRGINIA WESTERN,VAW,FOURTH CIRCUIT,3,06/30/90,1990-06-30,1990
WEST VIRGINIA,WEST VIRGINIA NORTHERN,WVN,FOURTH CIRCUIT,0,06/30/90,1990-06-30,1990
WEST VIRGINIA,WEST VIRGINIA SOUTHERN,WVS,FOURTH CIRCUIT,1,06/30/90,1990-06-30,1990
,TOTAL,,FIFTH CIRCUIT,196,06/30/90,1990-06-30,1990
LOUISIANA,LOUISIANA EASTERN,LAE,FIFTH CIRCUIT,0,06/30/90,1990-06-30,1990
LOUISIANA,LOUISIANA MIDDLE,LAM,FIFTH CIRCUIT,3,06/30/90,1990-06-30,1990
LOUISIANA,LOUISIANA WESTERN,LAW,FIFTH CIRCUIT,65,06/30/90,1990-06-30,1990
MISSISSIPPI,MISSISSIPPI NORTHERN,MSN,FIFTH CIRCUIT,18,06/30/90,1990-06-30,1990
MISSISSIPPI,MISSISSIPPI SOUTHERN,MSS,FIFTH CIRCUIT,15,06/30/90,1990-06-30,1990
TEXAS,TEXAS NORTHERN,TXN,FIFTH CIRCUIT,63,06/30/90,1990-06-30,1990
TEXAS,TEXAS EASTERN,TXE,FIFTH CIRCUIT,5,06/30/90,1990-06-30,1990
TEXAS,TEXAS SOUTHERN,TXS,FIFTH CIRCUIT,15,06/30/90,1990-06-30,1990
TEXAS,TEXAS WESTERN,TXW,FIFTH CIRCUIT,12,06/30/90,1990-06-30,1990
,TOTAL,,SIXTH CIRCUIT,137,06/30/90,1990-06-30,1990
KENTUCKY,KENTUCKY EASTERN,KYE,SIXTH CIRCUIT,9,06/30/90,1990-06-30,1990
KENTUCKY,KENTUCKY WESTERN,KYW,SIXTH CIRCUIT,13,06/30/90,1990-06-30,1990
MICHIGAN,MICHIGAN EASTERN,MIE,SIXTH CIRCUIT,19,06/30/90,1990-06-30,1990
MICHIGAN,MICHIGAN WESTERN,MIW,SIXTH CIRCUIT,19,06/30/90,1990-06-30,1990
OHIO,OHIO NORTHERN,OHN,SIXTH CIRCUIT,33,06/30/90,1990-06-30,1990
OHIO,OHIO SOUTHERN,OHS,SIXTH CIRCUIT,26,06/30/90,1990-06-30,1990
TENNESSEE,TENNESSEE EASTERN,TNE,SIXTH CIRCUIT,7,06/30/90,1990-06-30,1990
TENNESSEE,TENNESSEE MIDDLE,TNM,SIXTH CIRCUIT,5,06/30/90,1990-06-30,1990
TENNESSEE,TENNESSEE WESTERN,TNW,SIXTH CIRCUIT,6,06/30/90,1990-06-30,1990
,TOTAL,,SEVENTH CIRCUIT,141,06/30/90,1990-06-30,1990
ILLINOIS,ILLINOIS NORTHERN,ILN,SEVENTH CIRCUIT,4,06/30/90,1990-06-30,1990
ILLINOIS,ILLINOIS CENTRAL,ILC,SEVENTH CIRCUIT,35,06/30/90,1990-06-30,1990
ILLINOIS,ILLINOIS SOUTHERN,ILS,SEVENTH CIRCUIT,22,06/30/90,1990-06-30,1990
INDIANA,INDIANA NORTHERN,INN,SEVENTH CIRCUIT,11,06/30/90,1990-06-30,1990
INDIANA,INDIANA SOUTHERN,INS,SEVENTH CIRCUIT,25,06/30/90,1990-06-30,1990
WISCONSIN,WISCONSIN EASTERN,WIE,SEVENTH CIRCUIT,12,06/30/90,1990-06-30,1990
WISCONSIN,WISCONSIN WESTERN,WIW,SEVENTH CIRCUIT,32,06/30/90,1990-06-30,1990
,TOTAL,,EIGHTH CIRCUIT,367,06/30/90,1990-06-30,1990
ARKANSAS,ARKANSAS EASTERN,ARE,EIGHTH CIRCUIT,21,06/30/90,1990-06-30,1990
ARKANSAS,ARKANSAS WESTERN,ARW,EIGHTH CIRCUIT,9,06/30/90,1990-06-30,1990
IOWA,IOWA NORTHERN,IAN,EIGHTH CIRCUIT,28,06/30/90,1990-06-30,1990
IOWA,IOWA SOUTHERN,IAS,EIGHTH CIRCUIT,9,06/30/90,1990-06-30,1990
MINNESOTA,MINNESOTA,MN,EIGHTH CIRCUIT,37,06/30/90,1990-06-30,1990
MISSOURI,MISSOURI EASTERN,MOE,EIGHTH CIRCUIT,11,06/30/90,1990-06-30,1990
MISSOURI,MISSOURI WESTERN,MOW,EIGHTH CIRCUIT,45,06/30/90,1990-06-30,1990
NEBRASKA,NEBRASKA,NE,EIGHTH CIRCUIT,79,06/30/90,1990-06-30,1990
NORTH DAKOTA,NORTH DAKOTA,ND,EIGHTH CIRCUIT,53,06/30/90,1990-06-30,1990
SOUTH DAKOTA,SOUTH DAKOTA,SD,EIGHTH CIRCUIT,75,06/30/90,1990-06-30,1990
,TOTAL,,NINTH CIRCUIT,205,06/30/90,1990-06-30,1990
ALASKA,ALASKA,AK,NINTH CIRCUIT,0,06/30/90,1990-06-30,1990
ARIZONA,ARIZONA,AZ,NINTH CIRCUIT,3,06/30/90,1990-06-30,1990
CALIFORNIA,CALIFORNIA NORTHERN,CAN,NINTH CIRCUIT,6,06/30/90,1990-06-30,1990
CALIFORNIA,CALIFORNIA EASTERN,CAE,NINTH CIRCUIT,36,06/30/90,1990-06-30,1990
CALIFORNIA,CALIFORNIA CENTRAL,CAC,NINTH CIRCUIT,6,06/30/90,1990-06-30,1990
CALIFORNIA,CALIFORNIA SOUTHERN,CAS,NINTH CIRCUIT,3,06/30/90,1990-06-30,1990
HAWAII,HAWAII,HI,NINTH CIRCUIT,1,06/30/90,1990-06-30,1990
IDAHO,IDAHO,ID,NINTH CIRCUIT,27,06/30/90,1990-06-30,1990
MONTANA,MONTANA,MT,NINTH CIRCUIT,54,06/30/90,1990-06-30,1990
NEVADA,NEVADA,NV,NINTH CIRCUIT,3,06/30/90,1990-06-30,1990
OREGON,OREGON,OR,NINTH CIRCUIT,30,06/30/90,1990-06-30,1990
WASHINGTON,WASHINGTON EASTERN,WAE,NINTH CIRCUIT,30,06/30/90,1990-06-30,1990
WASHINGTON,WASHINGTON WESTERN,WAW,NINTH CIRCUIT,6,06/30/90,1990-06-30,1990
GUAM,GUAM,GUAM,NINTH CIRCUIT,0,06/30/90,1990-06-30,1990
NORTHERN MARIANA ISLANDS,NORTHERN MARIANAS,NMI,NINTH CIRCUIT,0,06/30/90,1990-06-30,1990
,TOTAL,,TENTH CIRCUIT,138,06/30/90,1990-06-30,1990
COLORADO,COLORADO,CO,TENTH CIRCUIT,34,06/30/90,1990-06-30,1990
KANSAS,KANSAS,KS,TENTH CIRCUIT,32,06/30/90,1990-06-30,1990
NEW MEXICO,NEW MEXICO,NM,TENTH CIRCUIT,5,06/30/90,1990-06-30,1990
OKLAHOMA,OKLAHOMA NORTHERN,OKN,TENTH CIRCUIT,1,06/30/90,1990-06-30,1990
OKLAHOMA,OKLAHOMA EASTERN,OKE,TENTH CIRCUIT,9,06/30/90,1990-06-30,1990
OKLAHOMA,OKLAHOMA WESTERN,OKW,TENTH CIRCUIT,46,06/30/90,1990-06-30,1990
UTAH,UTAH,UT,TENTH CIRCUIT,6,06/30/90,1990-06-30,1990
WYOMING,WYOMING,WY,TENTH CIRCUIT,5,06/30/90,1990-06-30,1990
,TOTAL,,ELEVENTH CIRCUIT,90,06/30/90,1990-06-30,1990
ALABAMA,ALABAMA NORTHERN,ALN,ELEVENTH CIRCUIT,10,06/30/90,1990-06-30,1990
ALABAMA,ALABAMA MIDDLE,ALM,ELEVENTH CIRCUIT,8,06/30/90,1990-06-30,1990
ALABAMA,ALABAMA SOUTHERN,ALS,ELEVENTH CIRCUIT,3,06/30/90,1990-06-30,1990
FLORIDA,FLORIDA NORTHERN,FLN,ELEVENTH CIRCUIT,7,06/30/90,1990-06-30,1990
FLORIDA,FLORIDA MIDDLE,FLM,ELEVENTH CIRCUIT,11,06/30/90,1990-06-30,1990
FLORIDA,FLORIDA SOUTHERN,FLS,ELEVENTH CIRCUIT,1,06/30/90,1990-06-30,1990
GEORGIA,GEORGIA NORTHERN,GAN,ELEVENTH CIRCUIT,3,06/30/90,1990-06-30,1990
GEORGIA,GEORGIA MIDDLE,GAM,ELEVENTH CIRCUIT,34,06/30/90,1990-06-30,1990
GEORGIA,GEORGIA SOUTHERN,GAS,ELEVENTH CIRCUIT,13,06/30/90,1990-06-30,1990
,TOTAL,,TOTAL,1717,06/30/89,1989-06-30,1989
DISTRICT OF COLUMBIA,DISTRICT OF COLUMBIA,DC,DC CIRCUIT,0,06/30/89,1989-06-30,1989
,TOTAL,,FIRST CIRCUIT,6,06/30/89,1989-06-30,1989
MAINE,MAINE,ME,FIRST CIRCUIT,0,06/30/89,1989-06-30,1989
MASSACHUSETTS,MASSACHUSETTS,MA,FIRST CIRCUIT,0,06/30/89,1989-06-30,1989
NEW HAMPSHIRE,NEW HAMPSHIRE,NH,FIRST CIRCUIT,0,06/30/89,1989-06-30,1989
RHODE ISLAND,RHODE ISLAND,RI,FIRST CIRCUIT,0,06/30/89,1989-06-30,1989
PUERTO RICO,PUERTO RICO,PR,FIRST CIRCUIT,6,06/30/89,1989-06-30,1989
,TOTAL,,SECOND CIRCUIT,25,06/30/89,1989-06-30,1989
CONNECTICUT,CONNECTICUT,CT,SECOND CIRCUIT,0,06/30/89,1989-06-30,1989
NEW YORK,NEW YORK NORTHERN,NYN,SECOND CIRCUIT,9,06/30/89,1989-06-30,1989
NEW YORK,NEW YORK EASTERN,NYE,SECOND CIRCUIT,3,06/30/89,1989-06-30,1989
NEW YORK,NEW YORK SOUTHERN,NYS,SECOND CIRCUIT,0,06/30/89,1989-06-30,1989
NEW YORK,NEW YORK WESTERN,NYW,SECOND CIRCUIT,7,06/30/89,1989-06-30,1989
VERMONT,VERMONT,VT,SECOND CIRCUIT,6,06/30/89,1989-06-30,1989
,TOTAL,,THIRD CIRCUIT,9,06/30/89,1989-06-30,1989
DELAWARE,DELAWARE,DE,THIRD CIRCUIT,1,06/30/89,1989-06-30,1989
NEW JERSEY,NEW JERSEY,NJ,THIRD CIRCUIT,5,06/30/89,1989-06-30,1989
PENNSYLVANIA,PENNSYLVANIA EASTERN,PAE,THIRD CIRCUIT,0,06/30/89,1989-06-30,1989
PENNSYLVANIA,PENNSYLVANIA MIDDLE,PAM,THIRD CIRCUIT,1,06/30/89,1989-06-30,1989
PENNSYLVANIA,PENNSYLVANIA WESTERN,PAW,THIRD CIRCUIT,2,06/30/89,1989-06-30,1989
VIRGIN ISLANDS,VIRGIN ISLANDS,VI,THIRD CIRCUIT,0,06/30/89,1989-06-30,1989
,TOTAL,,FOURTH CIRCUIT,47,06/30/89,1989-06-30,1989
MARYLAND,MARYLAND,MD,FOURTH CIRCUIT,2,06/30/89,1989-06-30,1989
NORTH CAROLINA,NORTH CAROLINA EASTERN,NCE,FOURTH CIRCUIT,13,06/30/89,1989-06-30,1989
NORTH CAROLINA,NORTH CAROLINA MIDDLE,NCM,FOURTH CIRCUIT,3,06/30/89,1989-06-30,1989
NORTH CAROLINA,NORTH CAROLINA WESTERN,NCW,FOURTH CIRCUIT,4,06/30/89,1989-06-30,1989
SOUTH CAROLINA,SOUTH CAROLINA,SC,FOURTH CIRCUIT,14,06/30/89,1989-06-30,1989
VIRGINIA,VIRGINIA EASTERN,VAE,FOURTH CIRCUIT,3,06/30/89,1989-06-30,1989
VIRGINIA,VIRGINIA WESTERN,VAW,FOURTH CIRCUIT,5,06/30/89,1989-06-30,1989
WEST VIRGINIA,WEST VIRGINIA NORTHERN,WVN,FOURTH CIRCUIT,2,06/30/89,1989-06-30,1989
WEST VIRGINIA,WEST VIRGINIA SOUTHERN,WVS,FOURTH CIRCUIT,1,06/30/89,1989-06-30,1989
,TOTAL,,FIFTH CIRCUIT,175,06/30/89,1989-06-30,1989
LOUISIANA,LOUISIANA EASTERN,LAE,FIFTH CIRCUIT,0,06/30/89,1989-06-30,1989
LOUISIANA,LOUISIANA MIDDLE,LAM,FIFTH CIRCUIT,1,06/30/89,1989-06-30,1989
LOUISIANA,LOUISIANA WESTERN,LAW,FIFTH CIRCUIT,53,06/30/89,1989-06-30,1989
MISSISSIPPI,MISSISSIPPI NORTHERN,MSN,FIFTH CIRCUIT,23,06/30/89,1989-06-30,1989
MISSISSIPPI,MISSISSIPPI SOUTHERN,MSS,FIFTH CIRCUIT,8,06/30/89,1989-06-30,1989
TEXAS,TEXAS NORTHERN,TXN,FIFTH CIRCUIT,56,06/30/89,1989-06-30,1989
TEXAS,TEXAS EASTERN,TXE,FIFTH CIRCUIT,11,06/30/89,1989-06-30,1989
TEXAS,TEXAS SOUTHERN,TXS,FIFTH CIRCUIT,4,06/30/89,1989-06-30,1989
TEXAS,TEXAS WESTERN,TXW,FIFTH CIRCUIT,19,06/30/89,1989-06-30,1989
,TOTAL,,SIXTH CIRCUIT,202,06/30/89,1989-06-30,1989
KENTUCKY,KENTUCKY EASTERN,KYE,SIXTH CIRCUIT,5,06/30/89,1989-06-30,1989
KENTUCKY,KENTUCKY WESTERN,KYW,SIXTH CIRCUIT,12,06/30/89,1989-06-30,1989
MICHIGAN,MICHIGAN EASTERN,MIE,SIXTH CIRCUIT,50,06/30/89,1989-06-30,1989
MICHIGAN,MICHIGAN WESTERN,MIW,SIXTH CIRCUIT,12,06/30/89,1989-06-30,1989
OHIO,OHIO NORTHERN,OHN,SIXTH CIRCUIT,32,06/30/89,1989-06-30,1989
OHIO,OHIO SOUTHERN,OHS,SIXTH CIRCUIT,56,06/30/89,1989-06-30,1989
TENNESSEE,TENNESSEE EASTERN,TNE,SIXTH CIRCUIT,9,06/30/89,1989-06-30,1989
TENNESSEE,TENNESSEE MIDDLE,TNM,SIXTH CIRCUIT,14,06/30/89,1989-06-30,1989
TENNESSEE,TENNESSEE WESTERN,TNW,SIXTH CIRCUIT,12,06/30/89,1989-06-30,1989
,TOTAL,,SEVENTH CIRCUIT,203,06/30/89,1989-06-30,1989
ILLINOIS,ILLINOIS NORTHERN,ILN,SEVENTH CIRCUIT,19,06/30/89,1989-06-30,1989
ILLINOIS,ILLINOIS CENTRAL,ILC,SEVENTH CIRCUIT,60,06/30/89,1989-06-30,1989
ILLINOIS,ILLINOIS SOUTHERN,ILS,SEVENTH CIRCUIT,19,06/30/89,1989-06-30,1989
INDIANA,INDIANA NORTHERN,INN,SEVENTH CIRCUIT,28,06/30/89,1989-06-30,1989
INDIANA,INDIANA SOUTHERN,INS,SEVENTH CIRCUIT,32,06/30/89,1989-06-30,1989
WISCONSIN,WISCONSIN EASTERN,WIE,SEVENTH CIRCUIT,9,06/30/89,1989-06-30,1989
WISCONSIN,WISCONSIN WESTERN,WIW,SEVENTH CIRCUIT,36,06/30/89,1989-06-30,1989
,TOTAL,,EIGHTH CIRCUIT,432,06/30/89,1989-06-30,1989
ARKANSAS,ARKANSAS EASTERN,ARE,EIGHTH CIRCUIT,28,06/30/89,1989-06-30,1989
ARKANSAS,ARKANSAS WESTERN,ARW,EIGHTH CIRCUIT,7,06/30/89,1989-06-30,1989
IOWA,IOWA NORTHERN,IAN,EIGHTH CIRCUIT,21,06/30/89,1989-06-30,1989
IOWA,IOWA SOUTHERN,IAS,EIGHTH CIRCUIT,17,06/30/89,1989-06-30,1989
MINNESOTA,MINNESOTA,MN,EIGHTH CIRCUIT,58,06/30/89,1989-06-30,1989
MISSOURI,MISSOURI EASTERN,MOE,EIGHTH CIRCUIT,25,06/30/89,1989-06-30,1989
MISSOURI,MISSOURI WESTERN,MOW,EIGHTH CIRCUIT,42,06/30/89,1989-06-30,1989
NEBRASKA,NEBRASKA,NE,EIGHTH CIRCUIT,90,06/30/89,1989-06-30,1989
NORTH DAKOTA,NORTH DAKOTA,ND,EIGHTH CIRCUIT,66,06/30/89,1989-06-30,1989
SOUTH DAKOTA,SOUTH DAKOTA,SD,EIGHTH CIRCUIT,78,06/30/89,1989-06-30,1989
,TOTAL,,NINTH CIRCUIT,315,06/30/89,1989-06-30,1989
ALASKA,ALASKA,AK,NINTH CIRCUIT,2,06/30/89,1989-06-30,1989
ARIZONA,ARIZONA,AZ,NINTH CIRCUIT,8,06/30/89,1989-06-30,1989
CALIFORNIA,CALIFORNIA NORTHERN,CAN,NINTH CIRCUIT,3,06/30/89,1989-06-30,1989
CALIFORNIA,CALIFORNIA EASTERN,CAE,NINTH CIRCUIT,81,06/30/89,1989-06-30,1989
CALIFORNIA,CALIFORNIA CENTRAL,CAC,NINTH CIRCUIT,3,06/30/89,1989-06-30,1989
CALIFORNIA,CALIFORNIA SOUTHERN,CAS,NINTH CIRCUIT,2,06/30/89,1989-06-30,1989
HAWAII,HAWAII,HI,NINTH CIRCUIT,0,06/30/89,1989-06-30,1989
IDAHO,IDAHO,ID,NINTH CIRCUIT,41,06/30/89,1989-06-30,1989
MONTANA,MONTANA,MT,NINTH CIRCUIT,68,06/30/89,1989-06-30,1989
NEVADA,NEVADA,NV,NINTH CIRCUIT,4,06/30/89,1989-06-30,1989
OREGON,OREGON,OR,NINTH CIRCUIT,38,06/30/89,1989-06-30,1989
WASHINGTON,WASHINGTON EASTERN,WAE,NINTH CIRCUIT,58,06/30/89,1989-06-30,1989
WASHINGTON,WASHINGTON WESTERN,WAW,NINTH CIRCUIT,7,06/30/89,1989-06-30,1989
GUAM,GUAM,GUAM,NINTH CIRCUIT,0,06/30/89,1989-06-30,1989
NORTHERN MARIANA ISLANDS,NORTHERN MARIANAS,NMI,NINTH CIRCUIT,0,06/30/89,1989-06-30,1989
,TOTAL,,TENTH CIRCUIT,209,06/30/89,1989-06-30,1989
COLORADO,COLORADO,CO,TENTH CIRCUIT,52,06/30/89,1989-06-30,1989
KANSAS,KANSAS,KS,TENTH CIRCUIT,42,06/30/89,1989-06-30,1989
NEW MEXICO,NEW MEXICO,NM,TENTH CIRCUIT,13,06/30/89,1989-06-30,1989
OKLAHOMA,OKLAHOMA NORTHERN,OKN,TENTH CIRCUIT,6,06/30/89,1989-06-30,1989
OKLAHOMA,OKLAHOMA EASTERN,OKE,TENTH CIRCUIT,15,06/30/89,1989-06-30,1989
OKLAHOMA,OKLAHOMA WESTERN,OKW,TENTH CIRCUIT,62,06/30/89,1989-06-30,1989
UTAH,UTAH,UT,TENTH CIRCUIT,7,06/30/89,1989-06-30,1989
WYOMING,WYOMING,WY,TENTH CIRCUIT,12,06/30/89,1989-06-30,1989
,TOTAL,,ELEVENTH CIRCUIT,94,06/30/89,1989-06-30,1989
ALABAMA,ALABAMA NORTHERN,ALN,ELEVENTH CIRCUIT,7,06/30/89,1989-06-30,1989
ALABAMA,ALABAMA MIDDLE,ALM,ELEVENTH CIRCUIT,9,06/30/89,1989-06-30,1989
ALABAMA,ALABAMA SOUTHERN,ALS,ELEVENTH CIRCUIT,4,06/30/89,1989-06-30,1989
FLORIDA,FLORIDA NORTHERN,FLN,ELEVENTH CIRCUIT,7,06/30/89,1989-06-30,1989
FLORIDA,FLORIDA MIDDLE,FLM,ELEVENTH CIRCUIT,11,06/30/89,1989-06-30,1989
FLORIDA,FLORIDA SOUTHERN,FLS,ELEVENTH CIRCUIT,0,06/30/89,1989-06-30,1989
GEORGIA,GEORGIA NORTHERN,GAN,ELEVENTH CIRCUIT,1,06/30/89,1989-06-30,1989
GEORGIA,GEORGIA MIDDLE,GAM,ELEVENTH CIRCUIT,45,06/30/89,1989-06-30,1989
GEORGIA,GEORGIA SOUTHERN,GAS,ELEVENTH CIRCUIT,10,06/30/89,1989-06-30,1989
,TOTAL,,TOTAL,3099,06/30/88,1988-06-30,1988
DISTRICT OF COLUMBIA,DISTRICT OF COLUMBIA,DC,DC CIRCUIT,0,06/30/88,1988-06-30,1988
,TOTAL,,FIRST CIRCUIT,16,06/30/88,1988-06-30,1988
MAINE,MAINE,ME,FIRST CIRCUIT,4,06/30/88,1988-06-30,1988
MASSACHUSETTS,MASSACHUSETTS,MA,FIRST CIRCUIT,0,06/30/88,1988-06-30,1988
NEW HAMPSHIRE,NEW HAMPSHIRE,NH,FIRST CIRCUIT,0,06/30/88,1988-06-30,1988
RHODE ISLAND,RHODE ISLAND,RI,FIRST CIRCUIT,0,06/30/88,1988-06-30,1988
PUERTO RICO,PUERTO RICO,PR,FIRST CIRCUIT,12,06/30/88,1988-06-30,1988
,TOTAL,,SECOND CIRCUIT,33,06/30/88,1988-06-30,1988
CONNECTICUT,CONNECTICUT,CT,SECOND CIRCUIT,0,06/30/88,1988-06-30,1988
NEW YORK,NEW YORK NORTHERN,NYN,SECOND CIRCUIT,24,06/30/88,1988-06-30,1988
NEW YORK,NEW YORK EASTERN,NYE,SECOND CIRCUIT,0,06/30/88,1988-06-30,1988
NEW YORK,NEW YORK SOUTHERN,NYS,SECOND CIRCUIT,0,06/30/88,1988-06-30,1988
NEW YORK,NEW YORK WESTERN,NYW,SECOND CIRCUIT,6,06/30/88,1988-06-30,1988
VERMONT,VERMONT,VT,SECOND CIRCUIT,3,06/30/88,1988-06-30,1988
,TOTAL,,THIRD CIRCUIT,9,06/30/88,1988-06-30,1988
DELAWARE,DELAWARE,DE,THIRD CIRCUIT,0,06/30/88,1988-06-30,1988
NEW JERSEY,NEW JERSEY,NJ,THIRD CIRCUIT,2,06/30/88,1988-06-30,1988
PENNSYLVANIA,PENNSYLVANIA EASTERN,PAE,THIRD CIRCUIT,1,06/30/88,1988-06-30,1988
PENNSYLVANIA,PENNSYLVANIA MIDDLE,PAM,THIRD CIRCUIT,2,06/30/88,1988-06-30,1988
PENNSYLVANIA,PENNSYLVANIA WESTERN,PAW,THIRD CIRCUIT,4,06/30/88,1988-06-30,1988
VIRGIN ISLANDS,VIRGIN ISLANDS,VI,THIRD CIRCUIT,0,06/30/88,1988-06-30,1988
,TOTAL,,FOURTH CIRCUIT,96,06/30/88,1988-06-30,1988
MARYLAND,MARYLAND,MD,FOURTH CIRCUIT,9,06/30/88,1988-06-30,1988
NORTH CAROLINA,NORTH CAROLINA EASTERN,NCE,FOURTH CIRCUIT,42,06/30/88,1988-06-30,1988
NORTH CAROLINA,NORTH CAROLINA MIDDLE,NCM,FOURTH CIRCUIT,6,06/30/88,1988-06-30,1988
NORTH CAROLINA,NORTH CAROLINA WESTERN,NCW,FOURTH CIRCUIT,2,06/30/88,1988-06-30,1988
SOUTH CAROLINA,SOUTH CAROLINA,SC,FOURTH CIRCUIT,14,06/30/88,1988-06-30,1988
VIRGINIA,VIRGINIA EASTERN,VAE,FOURTH CIRCUIT,12,06/30/88,1988-06-30,1988
VIRGINIA,VIRGINIA WESTERN,VAW,FOURTH CIRCUIT,6,06/30/88,1988-06-30,1988
WEST VIRGINIA,WEST VIRGINIA NORTHERN,WVN,FOURTH CIRCUIT,3,06/30/88,1988-06-30,1988
WEST VIRGINIA,WEST VIRGINIA SOUTHERN,WVS,FOURTH CIRCUIT,2,06/30/88,1988-06-30,1988
,TOTAL,,FIFTH CIRCUIT,351,06/30/88,1988-06-30,1988
LOUISIANA,LOUISIANA EASTERN,LAE,FIFTH CIRCUIT,3,06/30/88,1988-06-30,1988
LOUISIANA,LOUISIANA MIDDLE,LAM,FIFTH CIRCUIT,13,06/30/88,1988-06-30,1988
LOUISIANA,LOUISIANA WESTERN,LAW,FIFTH CIRCUIT,141,06/30/88,1988-06-30,1988
MISSISSIPPI,MISSISSIPPI NORTHERN,MSN,FIFTH CIRCUIT,52,06/30/88,1988-06-30,1988
MISSISSIPPI,MISSISSIPPI SOUTHERN,MSS,FIFTH CIRCUIT,2,06/30/88,1988-06-30,1988
TEXAS,TEXAS NORTHERN,TXN,FIFTH CIRCUIT,87,06/30/88,1988-06-30,1988
TEXAS,TEXAS EASTERN,TXE,FIFTH CIRCUIT,10,06/30/88,1988-06-30,1988
TEXAS,TEXAS SOUTHERN,TXS,FIFTH CIRCUIT,25,06/30/88,1988-06-30,1988
TEXAS,TEXAS WESTERN,TXW,FIFTH CIRCUIT,18,06/30/88,1988-06-30,1988
,TOTAL,,SIXTH CIRCUIT,331,06/30/88,1988-06-30,1988
KENTUCKY,KENTUCKY EASTERN,KYE,SIXTH CIRCUIT,16,06/30/88,1988-06-30,1988
KENTUCKY,KENTUCKY WESTERN,KYW,SIXTH CIRCUIT,55,06/30/88,1988-06-30,1988
MICHIGAN,MICHIGAN EASTERN,MIE,SIXTH CIRCUIT,62,06/30/88,1988-06-30,1988
MICHIGAN,MICHIGAN WESTERN,MIW,SIXTH CIRCUIT,36,06/30/88,1988-06-30,1988
OHIO,OHIO NORTHERN,OHN,SIXTH CIRCUIT,38,06/30/88,1988-06-30,1988
OHIO,OHIO SOUTHERN,OHS,SIXTH CIRCUIT,82,06/30/88,1988-06-30,1988
TENNESSEE,TENNESSEE EASTERN,TNE,SIXTH CIRCUIT,6,06/30/88,1988-06-30,1988
TENNESSEE,TENNESSEE MIDDLE,TNM,SIXTH CIRCUIT,15,06/30/88,1988-06-30,1988
TENNESSEE,TENNESSEE WESTERN,TNW,SIXTH CIRCUIT,21,06/30/88,1988-06-30,1988
,TOTAL,,SEVENTH CIRCUIT,397,06/30/88,1988-06-30,1988
ILLINOIS,ILLINOIS NORTHERN,ILN,SEVENTH CIRCUIT,19,06/30/88,1988-06-30,1988
ILLINOIS,ILLINOIS CENTRAL,ILC,SEVENTH CIRCUIT,82,06/30/88,1988-06-30,1988
ILLINOIS,ILLINOIS SOUTHERN,ILS,SEVENTH CIRCUIT,53,06/30/88,1988-06-30,1988
INDIANA,INDIANA NORTHERN,INN,SEVENTH CIRCUIT,44,06/30/88,1988-06-30,1988
INDIANA,INDIANA SOUTHERN,INS,SEVENTH CIRCUIT,96,06/30/88,1988-06-30,1988
WISCONSIN,WISCONSIN EASTERN,WIE,SEVENTH CIRCUIT,18,06/30/88,1988-06-30,1988
WISCONSIN,WISCONSIN WESTERN,WIW,SEVENTH CIRCUIT,85,06/30/88,1988-06-30,1988
,TOTAL,,EIGHTH CIRCUIT,924,06/30/88,1988-06-30,1988
ARKANSAS,ARKANSAS EASTERN,ARE,EIGHTH CIRCUIT,50,06/30/88,1988-06-30,1988
ARKANSAS,ARKANSAS WESTERN,ARW,EIGHTH CIRCUIT,13,06/30/88,1988-06-30,1988
IOWA,IOWA NORTHERN,IAN,EIGHTH CIRCUIT,66,06/30/88,1988-06-30,1988
IOWA,IOWA SOUTHERN,IAS,EIGHTH CIRCUIT,36,06/30/88,1988-06-30,1988
MINNESOTA,MINNESOTA,MN,EIGHTH CIRCUIT,61,06/30/88,1988-06-30,1988
MISSOURI,MISSOURI EASTERN,MOE,EIGHTH CIRCUIT,40,06/30/88,1988-06-30,1988
MISSOURI,MISSOURI WESTERN,MOW,EIGHTH CIRCUIT,98,06/30/88,1988-06-30,1988
NEBRASKA,NEBRASKA,NE,EIGHTH CIRCUIT,269,06/30/88,1988-06-30,1988
NORTH DAKOTA,NORTH DAKOTA,ND,EIGHTH CIRCUIT,86,06/30/88,1988-06-30,1988
SOUTH DAKOTA,SOUTH DAKOTA,SD,EIGHTH CIRCUIT,205,06/30/88,1988-06-30,1988
,TOTAL,,NINTH CIRCUIT,413,06/30/88,1988-06-30,1988
ALASKA,ALASKA,AK,NINTH CIRCUIT,0,06/30/88,1988-06-30,1988
ARIZONA,ARIZONA,AZ,NINTH CIRCUIT,11,06/30/88,1988-06-30,1988
CALIFORNIA,CALIFORNIA NORTHERN,CAN,NINTH CIRCUIT,6,06/30/88,1988-06-30,1988
CALIFORNIA,CALIFORNIA EASTERN,CAE,NINTH CIRCUIT,81,06/30/88,1988-06-30,1988
CALIFORNIA,CALIFORNIA CENTRAL,CAC,NINTH CIRCUIT,4,06/30/88,1988-06-30,1988
CALIFORNIA,CALIFORNIA SOUTHERN,CAS,NINTH CIRCUIT,2,06/30/88,1988-06-30,1988
HAWAII,HAWAII,HI,NINTH CIRCUIT,0,06/30/88,1988-06-30,1988
IDAHO,IDAHO,ID,NINTH CIRCUIT,82,06/30/88,1988-06-30,1988
MONTANA,MONTANA,MT,NINTH CIRCUIT,71,06/30/88,1988-06-30,1988
NEVADA,NEVADA,NV,NINTH CIRCUIT,4,06/30/88,1988-06-30,1988
OREGON,OREGON,OR,NINTH CIRCUIT,59,06/30/88,1988-06-30,1988
WASHINGTON,WASHINGTON EASTERN,WAE,NINTH CIRCUIT,88,06/30/88,1988-06-30,1988
WASHINGTON,WASHINGTON WESTERN,WAW,NINTH CIRCUIT,4,06/30/88,1988-06-30,1988
GUAM,GUAM,GUAM,NINTH CIRCUIT,1,06/30/88,1988-06-30,1988
NORTHERN MARIANA ISLANDS,NORTHERN MARIANAS,NMI,NINTH CIRCUIT,0,06/30/88,1988-06-30,1988
,TOTAL,,TENTH CIRCUIT,394,06/30/88,1988-06-30,1988
COLORADO,COLORADO,CO,TENTH CIRCUIT,70,06/30/88,1988-06-30,1988
KANSAS,KANSAS,KS,TENTH CIRCUIT,125,06/30/88,1988-06-30,1988
NEW MEXICO,NEW MEXICO,NM,TENTH CIRCUIT,24,06/30/88,1988-06-30,1988
OKLAHOMA,OKLAHOMA NORTHERN,OKN,TENTH CIRCUIT,12,06/30/88,1988-06-30,1988
OKLAHOMA,OKLAHOMA EASTERN,OKE,TENTH CIRCUIT,33,06/30/88,1988-06-30,1988
OKLAHOMA,OKLAHOMA WESTERN,OKW,TENTH CIRCUIT,86,06/30/88,1988-06-30,1988
UTAH,UTAH,UT,TENTH CIRCUIT,16,06/30/88,1988-06-30,1988
WYOMING,WYOMING,WY,TENTH CIRCUIT,28,06/30/88,1988-06-30,1988
,TOTAL,,ELEVENTH CIRCUIT,135,06/30/88,1988-06-30,1988
ALABAMA,ALABAMA NORTHERN,ALN,ELEVENTH CIRCUIT,22,06/30/88,1988-06-30,1988
ALABAMA,ALABAMA MIDDLE,ALM,ELEVENTH CIRCUIT,10,06/30/88,1988-06-30,1988
ALABAMA,ALABAMA SOUTHERN,ALS,ELEVENTH CIRCUIT,8,06/30/88,1988-06-30,1988
FLORIDA,FLORIDA NORTHERN,FLN,ELEVENTH CIRCUIT,17,06/30/88,1988-06-30,1988
FLORIDA,FLORIDA MIDDLE,FLM,ELEVENTH CIRCUIT,6,06/30/88,1988-06-30,1988
FLORIDA,FLORIDA SOUTHERN,FLS,ELEVENTH CIRCUIT,1,06/30/88,1988-06-30,1988
GEORGIA,GEORGIA NORTHERN,GAN,ELEVENTH CIRCUIT,3,06/30/88,1988-06-30,1988
GEORGIA,GEORGIA MIDDLE,GAM,ELEVENTH CIRCUIT,55,06/30/88,1988-06-30,1988
GEORGIA,GEORGIA SOUTHERN,GAS,ELEVENTH CIRCUIT,13,06/30/88,1988-06-30,1988
,TOTAL,,TOTAL,4824,06/30/87,1987-06-30,1987
DISTRICT OF COLUMBIA,DISTRICT OF COLUMBIA,DC,DC CIRCUIT,0,06/30/87,1987-06-30,1987
,TOTAL,,FIRST CIRCUIT,16,06/30/87,1987-06-30,1987
MAINE,MAINE,ME,FIRST CIRCUIT,8,06/30/87,1987-06-30,1987
MASSACHUSETTS,MASSACHUSETTS,MA,FIRST CIRCUIT,0,06/30/87,1987-06-30,1987
NEW HAMPSHIRE,NEW HAMPSHIRE,NH,FIRST CIRCUIT,0,06/30/87,1987-06-30,1987
RHODE ISLAND,RHODE ISLAND,RI,FIRST CIRCUIT,0,06/30/87,1987-06-30,1987
PUERTO RICO,PUERTO RICO,PR,FIRST CIRCUIT,8,06/30/87,1987-06-30,1987
,TOTAL,,SECOND CIRCUIT,42,06/30/87,1987-06-30,1987
CONNECTICUT,CONNECTICUT,CT,SECOND CIRCUIT,1,06/30/87,1987-06-30,1987
NEW YORK,NEW YORK NORTHERN,NYN,SECOND CIRCUIT,16,06/30/87,1987-06-30,1987
NEW YORK,NEW YORK EASTERN,NYE,SECOND CIRCUIT,0,06/30/87,1987-06-30,1987
NEW YORK,NEW YORK SOUTHERN,NYS,SECOND CIRCUIT,4,06/30/87,1987-06-30,1987
NEW YORK,NEW YORK WESTERN,NYW,SECOND CIRCUIT,21,06/30/87,1987-06-30,1987
VERMONT,VERMONT,VT,SECOND CIRCUIT,0,06/30/87,1987-06-30,1987
,TOTAL,,THIRD CIRCUIT,21,06/30/87,1987-06-30,1987
DELAWARE,DELAWARE,DE,THIRD CIRCUIT,1,06/30/87,1987-06-30,1987
NEW JERSEY,NEW JERSEY,NJ,THIRD CIRCUIT,2,06/30/87,1987-06-30,1987
PENNSYLVANIA,PENNSYLVANIA EASTERN,PAE,THIRD CIRCUIT,4,06/30/87,1987-06-30,1987
PENNSYLVANIA,PENNSYLVANIA MIDDLE,PAM,THIRD CIRCUIT,10,06/30/87,1987-06-30,1987
PENNSYLVANIA,PENNSYLVANIA WESTERN,PAW,THIRD CIRCUIT,4,06/30/87,1987-06-30,1987
VIRGIN ISLANDS,VIRGIN ISLANDS,VI,THIRD CIRCUIT,0,06/30/87,1987-06-30,1987
,TOTAL,,FOURTH CIRCUIT,216,06/30/87,1987-06-30,1987
MARYLAND,MARYLAND,MD,FOURTH CIRCUIT,4,06/30/87,1987-06-30,1987
NORTH CAROLINA,NORTH CAROLINA EASTERN,NCE,FOURTH CIRCUIT,139,06/30/87,1987-06-30,1987
NORTH CAROLINA,NORTH CAROLINA MIDDLE,NCM,FOURTH CIRCUIT,11,06/30/87,1987-06-30,1987
NORTH CAROLINA,NORTH CAROLINA WESTERN,NCW,FOURTH CIRCUIT,11,06/30/87,1987-06-30,1987
SOUTH CAROLINA,SOUTH CAROLINA,SC,FOURTH CIRCUIT,23,06/30/87,1987-06-30,1987
VIRGINIA,VIRGINIA EASTERN,VAE,FOURTH CIRCUIT,16,06/30/87,1987-06-30,1987
VIRGINIA,VIRGINIA WESTERN,VAW,FOURTH CIRCUIT,7,06/30/87,1987-06-30,1987
WEST VIRGINIA,WEST VIRGINIA NORTHERN,WVN,FOURTH CIRCUIT,5,06/30/87,1987-06-30,1987
WEST VIRGINIA,WEST VIRGINIA SOUTHERN,WVS,FOURTH CIRCUIT,0,06/30/87,1987-06-30,1987
,TOTAL,,FIFTH CIRCUIT,494,06/30/87,1987-06-30,1987
LOUISIANA,LOUISIANA EASTERN,LAE,FIFTH CIRCUIT,14,06/30/87,1987-06-30,1987
LOUISIANA,LOUISIANA MIDDLE,LAM,FIFTH CIRCUIT,19,06/30/87,1987-06-30,1987
LOUISIANA,LOUISIANA WESTERN,LAW,FIFTH CIRCUIT,227,06/30/87,1987-06-30,1987
MISSISSIPPI,MISSISSIPPI NORTHERN,MSN,FIFTH CIRCUIT,63,06/30/87,1987-06-30,1987
MISSISSIPPI,MISSISSIPPI SOUTHERN,MSS,FIFTH CIRCUIT,30,06/30/87,1987-06-30,1987
TEXAS,TEXAS NORTHERN,TXN,FIFTH CIRCUIT,98,06/30/87,1987-06-30,1987
TEXAS,TEXAS EASTERN,TXE,FIFTH CIRCUIT,10,06/30/87,1987-06-30,1987
TEXAS,TEXAS SOUTHERN,TXS,FIFTH CIRCUIT,15,06/30/87,1987-06-30,1987
TEXAS,TEXAS WESTERN,TXW,FIFTH CIRCUIT,18,06/30/87,1987-06-30,1987
,TOTAL,,SIXTH CIRCUIT,525,06/30/87,1987-06-30,1987
KENTUCKY,KENTUCKY EASTERN,KYE,SIXTH CIRCUIT,33,06/30/87,1987-06-30,1987
KENTUCKY,KENTUCKY WESTERN,KYW,SIXTH CIRCUIT,102,06/30/87,1987-06-30,1987
MICHIGAN,MICHIGAN EASTERN,MIE,SIXTH CIRCUIT,54,06/30/87,1987-06-30,1987
MICHIGAN,MICHIGAN WESTERN,MIW,SIXTH CIRCUIT,68,06/30/87,1987-06-30,1987
OHIO,OHIO NORTHERN,OHN,SIXTH CIRCUIT,57,06/30/87,1987-06-30,1987
OHIO,OHIO SOUTHERN,OHS,SIXTH CIRCUIT,97,06/30/87,1987-06-30,1987
TENNESSEE,TENNESSEE EASTERN,TNE,SIXTH CIRCUIT,29,06/30/87,1987-06-30,1987
TENNESSEE,TENNESSEE MIDDLE,TNM,SIXTH CIRCUIT,17,06/30/87,1987-06-30,1987
TENNESSEE,TENNESSEE WESTERN,TNW,SIXTH CIRCUIT,68,06/30/87,1987-06-30,1987
,TOTAL,,SEVENTH CIRCUIT,528,06/30/87,1987-06-30,1987
ILLINOIS,ILLINOIS NORTHERN,ILN,SEVENTH CIRCUIT,27,06/30/87,1987-06-30,1987
ILLINOIS,ILLINOIS CENTRAL,ILC,SEVENTH CIRCUIT,139,06/30/87,1987-06-30,1987
ILLINOIS,ILLINOIS SOUTHERN,ILS,SEVENTH CIRCUIT,54,06/30/87,1987-06-30,1987
INDIANA,INDIANA NORTHERN,INN,SEVENTH CIRCUIT,86,06/30/87,1987-06-30,1987
INDIANA,INDIANA SOUTHERN,INS,SEVENTH CIRCUIT,93,06/30/87,1987-06-30,1987
WISCONSIN,WISCONSIN EASTERN,WIE,SEVENTH CIRCUIT,27,06/30/87,1987-06-30,1987
WISCONSIN,WISCONSIN WESTERN,WIW,SEVENTH CIRCUIT,102,06/30/87,1987-06-30,1987
,TOTAL,,EIGHTH CIRCUIT,1708,06/30/87,1987-06-30,1987
ARKANSAS,ARKANSAS EASTERN,ARE,EIGHTH CIRCUIT,58,06/30/87,1987-06-30,1987
ARKANSAS,ARKANSAS WESTERN,ARW,EIGHTH CIRCUIT,18,06/30/87,1987-06-30,1987
IOWA,IOWA NORTHERN,IAN,EIGHTH CIRCUIT,144,06/30/87,1987-06-30,1987
IOWA,IOWA SOUTHERN,IAS,EIGHTH CIRCUIT,137,06/30/87,1987-06-30,1987
MINNESOTA,MINNESOTA,MN,EIGHTH CIRCUIT,114,06/30/87,1987-06-30,1987
MISSOURI,MISSOURI EASTERN,MOE,EIGHTH CIRCUIT,56,06/30/87,1987-06-30,1987
MISSOURI,MISSOURI WESTERN,MOW,EIGHTH CIRCUIT,137,06/30/87,1987-06-30,1987
NEBRASKA,NEBRASKA,NE,EIGHTH CIRCUIT,612,06/30/87,1987-06-30,1987
NORTH DAKOTA,NORTH DAKOTA,ND,EIGHTH CIRCUIT,89,06/30/87,1987-06-30,1987
SOUTH DAKOTA,SOUTH DAKOTA,SD,EIGHTH CIRCUIT,343,06/30/87,1987-06-30,1987
,TOTAL,,NINTH CIRCUIT,484,06/30/87,1987-06-30,1987
ALASKA,ALASKA,AK,NINTH CIRCUIT,0,06/30/87,1987-06-30,1987
ARIZONA,ARIZONA,AZ,NINTH CIRCUIT,9,06/30/87,1987-06-30,1987
CALIFORNIA,CALIFORNIA NORTHERN,CAN,NINTH CIRCUIT,9,06/30/87,1987-06-30,1987
CALIFORNIA,CALIFORNIA EASTERN,CAE,NINTH CIRCUIT,103,06/30/87,1987-06-30,1987
CALIFORNIA,CALIFORNIA CENTRAL,CAC,NINTH CIRCUIT,9,06/30/87,1987-06-30,1987
CALIFORNIA,CALIFORNIA SOUTHERN,CAS,NINTH CIRCUIT,2,06/30/87,1987-06-30,1987
HAWAII,HAWAII,HI,NINTH CIRCUIT,0,06/30/87,1987-06-30,1987
IDAHO,IDAHO,ID,NINTH CIRCUIT,153,06/30/87,1987-06-30,1987
MONTANA,MONTANA,MT,NINTH CIRCUIT,70,06/30/87,1987-06-30,1987
NEVADA,NEVADA,NV,NINTH CIRCUIT,7,06/30/87,1987-06-30,1987
OREGON,OREGON,OR,NINTH CIRCUIT,43,06/30/87,1987-06-30,1987
WASHINGTON,WASHINGTON EASTERN,WAE,NINTH CIRCUIT,77,06/30/87,1987-06-30,1987
WASHINGTON,WASHINGTON WESTERN,WAW,NINTH CIRCUIT,2,06/30/87,1987-06-30,1987
GUAM,GUAM,GUAM,NINTH CIRCUIT,0,06/30/87,1987-06-30,1987
NORTHERN MARIANA ISLANDS,NORTHERN MARIANAS,NMI,NINTH CIRCUIT,0,06/30/87,1987-06-30,1987
,TOTAL,,TENTH CIRCUIT,521,06/30/87,1987-06-30,1987
COLORADO,COLORADO,CO,TENTH CIRCUIT,86,06/30/87,1987-06-30,1987
KANSAS,KANSAS,KS,TENTH CIRCUIT,185,06/30/87,1987-06-30,1987
NEW MEXICO,NEW MEXICO,NM,TENTH CIRCUIT,41,06/30/87,1987-06-30,1987
OKLAHOMA,OKLAHOMA NORTHERN,OKN,TENTH CIRCUIT,10,06/30/87,1987-06-30,1987
OKLAHOMA,OKLAHOMA EASTERN,OKE,TENTH CIRCUIT,27,06/30/87,1987-06-30,1987
OKLAHOMA,OKLAHOMA WESTERN,OKW,TENTH CIRCUIT,90,06/30/87,1987-06-30,1987
UTAH,UTAH,UT,TENTH CIRCUIT,31,06/30/87,1987-06-30,1987
WYOMING,WYOMING,WY,TENTH CIRCUIT,51,06/30/87,1987-06-30,1987
,TOTAL,,ELEVENTH CIRCUIT,269,06/30/87,1987-06-30,1987
ALABAMA,ALABAMA NORTHERN,ALN,ELEVENTH CIRCUIT,40,06/30/87,1987-06-30,1987
ALABAMA,ALABAMA MIDDLE,ALM,ELEVENTH CIRCUIT,38,06/30/87,1987-06-30,1987
ALABAMA,ALABAMA SOUTHERN,ALS,ELEVENTH CIRCUIT,6,06/30/87,1987-06-30,1987
FLORIDA,FLORIDA NORTHERN,FLN,ELEVENTH CIRCUIT,17,06/30/87,1987-06-30,1987
FLORIDA,FLORIDA MIDDLE,FLM,ELEVENTH CIRCUIT,10,06/30/87,1987-06-30,1987
FLORIDA,FLORIDA SOUTHERN,FLS,ELEVENTH CIRCUIT,1,06/30/87,1987-06-30,1987
GEORGIA,GEORGIA NORTHERN,GAN,ELEVENTH CIRCUIT,5,06/30/87,1987-06-30,1987
GEORGIA,GEORGIA MIDDLE,GAM,ELEVENTH CIRCUIT,105,06/30/87,1987-06-30,1987
GEORGIA,GEORGIA SOUTHERN,GAS,ELEVENTH CIRCUIT,47,06/30/87,1987-06-30,1987